Source ID,Source name,Confirmed images,Total points in confirmed images,Unique labels in confirmed images,Date created,Last update in confirmed images,Classifier accuracy,Classifier feature type,Classifier training images,Classifier date,Latitude,Longitude,Affiliation,Description,Link,ToKeep,ImageQuality,CoralDiversity,ToKeepNotes,InS3,InZip
1968,Biofouling on the offshore oil platform in the Southwest Gulf of Mexico,184,41400,138,2020-06-23,2020-09-17,59,vgg16_coralnet_ver1,184,2020-08-26,20.16449,-91.96241,Universidad Auton贸ma de Yucat谩n,This project aims to analyze the fauna associated with an oil platform at different depths by analyzing relative abundances from photographs,https://coralnet.ucsd.edu/source/1968/,Yes,5,3,One photo (1782679.jpg) has very low diversity,TRUE,TRUE
2855,Kaua驶i_Hanalei,399,9975,46,2021-11-23,2026-01-26,75,efficientnet_b0_ver1,347,2026-01-14,22.207859,-159.509675,DLNR-Aquatics,"Photos from the Coral Reef Assessment Monitoring Program (CRAMP) that survey the benthic habitat for Hanalei site on the island of Kauai. Sites have 2 permanent transects (1 deep, 1 shallow) with 10 sub-transects at each.",https://coralnet.ucsd.edu/source/2855/,No,5,1,No coral in the photos,TRUE,TRUE
3581,NFWF Project,4069,216245,69,2022-10-26,2024-02-16,75,efficientnet_b0_ver1,3113,2023-06-28,18.303013,-65.300987,FIU,"Percent cover estimates for Punta Maguey and Punta Tampico in Culebra, Puerto Rico. By site and plot.",https://coralnet.ucsd.edu/source/3581/,No,4,1,Mostly sand and macroalgae,TRUE,TRUE
3681,Melissa,2579,12895,46,2023-01-13,2024-11-07,87,efficientnet_b0_ver1,2369,2024-11-07,-10.28036,40.116051,James Cook University,Benthic community recovery following blast-fishing,https://coralnet.ucsd.edu/source/3681/,Yes,5,2,Mostly macroalgae,TRUE,TRUE
4353,Middle FL Keys - 2023 June,359,8975,45,2023-09-15,2023-10-18,79,efficientnet_b0_ver1,313,2023-10-17,24.7714,-80.7674,Clemson University,Substrate photos for all sites in Summer 2023,https://coralnet.ucsd.edu/source/4353/,Yes,4,1,"Only one photo (3711279.jpg) that has diversity of 3, the rest is 1",TRUE,TRUE
4430,National Park of American Samoa,1593,79651,153,2023-10-13,2024-07-24,71,efficientnet_b0_ver1,1566,2024-05-16,-14.27607,-170.72411,National Park Service,"Photoquads taken at National Park of American Samoa using the Pacific Island Network, National Park Service, Inventory and Monitoring Program Benthic Marine Community Vital Signs Protocol.",https://coralnet.ucsd.edu/source/4430/,Yes,4,2,NA,TRUE,TRUE
4514,Middle FL Keys - 2022 June,372,9300,44,2023-10-31,2024-01-09,76,efficientnet_b0_ver1,241,2024-01-03,24.7714,-80.7674,Clemson University,"Substrate photos from May 15-June 15, 2022",https://coralnet.ucsd.edu/source/4514/,Yes,4,2,NA,TRUE,TRUE
4559,Curacao Coral Reef Assessment 2023,12184,304600,80,2023-11-10,2025-02-11,74,efficientnet_b0_ver1,5367,2024-08-23,12.16957,-68.990021,CARMABI; SIO,Curacao Coral Reef Assessment 2023 photoquads,https://coralnet.ucsd.edu/source/4559/,Yes,4,2,"One photo dominated by rubble (3846993.jpg), and one photo by sand (4283861.jpg)",TRUE,TRUE
4596,rare arrecifes 2023,1937,19370,50,2023-11-27,2024-02-08,73,efficientnet_b0_ver1,867,2024-01-29,16.356692,-86.437057,Rare,Monitoreo e arrecifes y pastos Rare,https://coralnet.ucsd.edu/source/4596/,Yes,3,3,NA,TRUE,TRUE
4603,CPCe Corallig猫ne,190,12160,85,2023-11-28,2024-02-22,57,efficientnet_b0_ver1,181,2024-02-16,43.114925,5.765473,CREOCEAN,CPCe version4,https://coralnet.ucsd.edu/source/4603/,No,3,1,"I'm not sure if this photo will benefit. Some photos are blurry, and the other are dominated by turf alge",TRUE,TRUE
4614,test45,30,1920,37,2023-11-30,2024-09-06,58,efficientnet_b0_ver1,29,2023-11-30,43.114925,5.765473,CREOCEAN,test,https://coralnet.ucsd.edu/source/4614/,Yes,4,3,NA,TRUE,TRUE
4710,Thuwal Bleaching Taxonomic,2950,147500,141,2024-01-12,2024-11-14,60,efficientnet_b0_ver1,2606,2024-10-16,22.33942,39.016295,King Abdullah University of Science and Technology,"Benthic photo transects from 10m and 2m of the exposed & sheltered side of coral reefs in the Thuwal region; reefs were surveyed across the shelf and include offshore, shelf-edge/midshelf, inshore and coastal fringing reefs. Reefs were surveyed with photo transects ~70cm from the benthos with a photo taken each meter for 3x50m transects from 2019 onwards ever several months. Two bleaching events (2020 and 2023) are captured within this data.",https://coralnet.ucsd.edu/source/4710/,Yes,4,2,NA,TRUE,TRUE
4721,Thuwal Bleaching Conditions,2909,145500,147,2024-01-16,2024-11-08,59,efficientnet_b0_ver1,2447,2024-10-16,22.33942,39.01629,King Abdullah University of Science and Technology,"Benthic photo transects from 10m and 2m of the exposed & sheltered side of coral reefs in the Thuwal region; reefs were surveyed across the shelf and include offshore, shelf-edge/midshelf, inshore and coastal fringing reefs. Reefs were surveyed with photo transects ~70cm from the benthos with a photo taken each meter for 3x50m transects from 2019 onwards ever several months. Two bleaching events (2020 and 2023) are captured within this data. 

Benthos is identifed to the condition of the organism or area below each point, so that these conditions can be combined with %cover information from the Thuwal Bleaching Taxonomic source.",https://coralnet.ucsd.edu/source/4721/,Yes,4,3,NA,TRUE,TRUE
4795,Individual,2158,28054,61,2024-02-22,2024-05-24,65,efficientnet_b0_ver1,2118,2024-05-24,19,60,Universidad Veracruzana,Investigaci贸n,https://coralnet.ucsd.edu/source/4795/,No,3,1,NA,TRUE,TRUE
4861,Katalalixar,1107,110700,167,2024-03-19,2025-02-16,69,efficientnet_b0_ver1,1104,2024-09-19,-48.55816,-74.42557,Universidad Austral de Chile,Parque Nacional Katalalixar,https://coralnet.ucsd.edu/source/4861/,No,3,2,NA,TRUE,TRUE
4882,Puerto Rico- La Parguera,484,7845,43,2024-03-26,2025-03-31,64,efficientnet_b0_ver1,446,2025-03-26,17.940638,-67.076476,University of Puerto Rico at Mayaguez,Collection of 0.5mx0.5m photo quadrats along permanent benthic transects at restored and control locations in SW Puerto Rico.,https://coralnet.ucsd.edu/source/4882/,Yes,4,3,NA,TRUE,TRUE
4895,MPW Benthic Photoquadrat,664,33200,46,2024-03-28,2025-10-15,78,efficientnet_b0_ver1,335,2024-11-30,21.65125,-158.0629,Malama Pupukea Waimea,Benthic photoquadrat at Sharks cove,https://coralnet.ucsd.edu/source/4895/,No,3,1,NA,TRUE,TRUE
4904,Habitat mapping Saba,626,22536,38,2024-04-04,2024-05-29,77,efficientnet_b0_ver1,406,2024-05-24,17.546534,-63.277215,Wageningen University,"Habitat mapping of the Saba bank, using benthic images captured by ROV.",https://coralnet.ucsd.edu/source/4904/,No,3,1,NA,TRUE,TRUE
4957,Pohnpei_Pacific Reef Monitoring Programs,9011,45055,81,2024-04-21,2026-01-20,71,efficientnet_b0_ver1,8398,2024-04-25,6.9733,158.2484,University of Guam,The source was initially trained using annotations from the Pacific Reef Monitoring Program source.,https://coralnet.ucsd.edu/source/4957/,Yes,4,3,Two photos are useful: 5619785.jpg & 5723309.jpg,TRUE,TRUE
4966,BIOL4411_Biofouling_P1,80,2000,42,2024-04-25,2024-05-03,56,efficientnet_b0_ver1,80,2024-05-03,-35.0833,117.95,UWA,Albany field course. Project 1.,https://coralnet.ucsd.edu/source/4966/,No,3,2,Blurry photos,TRUE,TRUE
5086,Okinawa Coral Reef Conservation2023,1000,20000,64,2024-05-16,2024-06-20,72,efficientnet_b0_ver1,999,2024-05-24,26.5,127.85,Okikanka,Okinawa Prefecture Coral Reef Preservation and Rehabilitation Regional Model Project Commuity Structure Study after Outplant,https://coralnet.ucsd.edu/source/5086/,Yes,5,3,NA,TRUE,TRUE
5102,Chopasm_T3,40,520,34,2024-05-20,2024-09-11,60,efficientnet_b0_ver1,40,2024-09-14,19,96,Universidad Veracruzana,Monitoreo blanqueamiento,https://coralnet.ucsd.edu/source/5102/,Yes,4,2,NA,TRUE,TRUE
5118,Middle FL Keys - 2024 January,100,3000,31,2024-05-27,2024-10-20,76,efficientnet_b0_ver1,96,2024-10-20,24.7714,-80.7674,Clemson University,Substrate photos from January 2024,https://coralnet.ucsd.edu/source/5118/,No,1,1,NA,TRUE,TRUE
5120,Middle FL Keys - 2023 October,48,1440,31,2024-05-27,2024-06-11,80,efficientnet_b0_ver1,27,2024-06-10,24.7714,-80.7674,Clemson University,Substrate photos from October 2023,https://coralnet.ucsd.edu/source/5120/,No,2,1,NA,TRUE,TRUE
5130,Chopasm_T4,40,520,31,2024-05-30,2024-09-13,74,efficientnet_b0_ver1,40,2024-09-14,19,96,Universidad Veracruzana,Monitoreo de blanqueamiento,https://coralnet.ucsd.edu/source/5130/,No,3,1,NA,TRUE,TRUE
5131,Chopasm_T5,40,520,34,2024-05-30,2024-09-13,86,efficientnet_b0_ver1,40,2024-09-16,19,96,Universidad Veracruzana,Monitoreo de blanqueamiento,https://coralnet.ucsd.edu/source/5131/,No,3,1,NA,TRUE,TRUE
5155,LORD HOWE ISLAND LTMP DATASET,1440,144000,68,2024-06-07,2025-10-28,65,efficientnet_b0_ver1,1440,2025-09-22,31.5553,159.0821,University of New South Wales,Long-term monitoring program for bleaching and recovery with LHI sub-tropical reef system starting from January 2024.,https://coralnet.ucsd.edu/source/5155/,Yes,3,3,NA,TRUE,TRUE
5181,MarineGEO RLS,1201,30025,108,2024-06-13,2025-12-18,61,efficientnet_b0_ver1,1129,2025-12-18,18.37,-68.79,Smithsonian,Benthic photoquadrats associated with MarineGEO RLS surveys,https://coralnet.ucsd.edu/source/5181/,Yes,4,2,NA,TRUE,TRUE
5221,Okinawa Coral Reef Conservation2022,999,19980,61,2024-06-20,2024-07-11,68,efficientnet_b0_ver1,999,2024-07-10,26.5,127.85,Okikanka,Okinawa Prefecture Coral Reef Preservation and Rehabilitation Regional Model Project Commuity Structure Study after Outplant,https://coralnet.ucsd.edu/source/5221/,Yes,4,3,NA,TRUE,TRUE
5233,Middle FL Keys - 2024 June,312,9360,50,2024-06-24,2024-10-15,67,efficientnet_b0_ver1,292,2024-10-15,24.71884,-80.8425,Clemson University,Substrate photos from middle Keys research sites. Clemson Marine Research,https://coralnet.ucsd.edu/source/5233/,No,3,2,NA,TRUE,TRUE
5395,Spermonde - Jane Master 2024,999,49950,71,2024-08-20,2024-10-23,68,efficientnet_b0_ver1,999,2024-10-23,-4.92719,119.3207,IPB University,master project,https://coralnet.ucsd.edu/source/5395/,No,4,2,NA,TRUE,TRUE
5436,ChopasS_T1,40,520,33,2024-09-05,2024-09-16,70,efficientnet_b0_ver1,40,2024-09-17,19,96,UV,Monitoreo blanqueamiento,https://coralnet.ucsd.edu/source/5436/,Yes,4,3,NA,TRUE,TRUE
5444,Tubbataha,460,23000,33,2024-09-06,2024-11-12,74,efficientnet_b0_ver1,385,2024-11-11,8.874217,119.885673,Seastems,Mesophotic reefs,https://coralnet.ucsd.edu/source/5444/,Yes,4,3,One photo is dominated by sand (4642688.jpg) and one photo is too bright (4642901.jpg),TRUE,TRUE
5453,Prorest Monitoreo Blanqueamiento 2024,1200,15600,67,2024-09-10,2024-09-17,61,efficientnet_b0_ver1,1200,2024-09-20,18,95,Universidad Veracruzana,monitoreo blanqueamiento 2023-2024,https://coralnet.ucsd.edu/source/5453/,No,2,2,3 blurry photos,TRUE,TRUE
5477,Rubble Monitoring,1220,24400,68,2024-09-13,2024-10-27,75,efficientnet_b0_ver1,1163,2024-10-27,-4.92719,119.3207,IPB University,Post storm rubble monitoring - 2024 field work,https://coralnet.ucsd.edu/source/5477/,No,4,1,Only one photo has high coral cover (4594851.jpg),TRUE,TRUE
5564,Fundacion Huinay Benthic Monitoring 2023,334,33400,113,2024-10-02,2024-11-27,64,efficientnet_b0_ver1,330,2024-11-27,-42.383922,-72.428,Fundacion San Ignacio del Huinay,"Benthic invertebrate monitoring for Comau Fjord, Chilean Patagonia, including the Fundacion San Ignacio del Huinay MPA. Monitoring performed by scientist at the Fundacion Huinay research station.",https://coralnet.ucsd.edu/source/5564/,No,3,1,NA,TRUE,TRUE
5752,Rocky shore biodiv,658,65800,49,2024-10-30,2025-08-14,83,efficientnet_b0_ver1,465,2025-08-05,41.159059,-8.686572,CIBIO,rocky shore biodiv,https://coralnet.ucsd.edu/source/5752/,No,5,1,Photos above water,TRUE,TRUE
5847,CUR Timeseries Orthos_cover,211,34984,46,2024-11-25,2025-06-17,77,efficientnet_b0_ver1,182,2024-11-25,12.16957,-68.990021,"CARMABI, UvA, SIO","Curacao orthos (broken into tiles) from large-area mosaic timeseries used for benthic cover. This source was trained with previously annotated orthos, therefore, trained for ortho ""quality"" images.",https://coralnet.ucsd.edu/source/5847/,Yes,4,3,NA,TRUE,TRUE
5942,Nexus Israel Mediterranean Monitoring,157,2512,51,2024-12-05,2024-12-11,72,efficientnet_b0_ver1,157,2024-12-11,32.49028,34.89146,"NEXUS, University of Haifa",Nexus Israel Mediterranean Monitoring,https://coralnet.ucsd.edu/source/5942/,No,4,1,All photos of macroalgae,TRUE,TRUE
6053,REEFolution Kenya_Longterm,483,48900,77,2024-12-30,2024-12-31,57,efficientnet_b0_ver1,482,2024-12-31,-4.66125,39.390428,Wageningen University,Tracking benthic cover of (restored) reefs in Kenya - Experiments excluded,https://coralnet.ucsd.edu/source/6053/,Yes,3,3,NA,TRUE,TRUE
6123,WoM-AWI,123,12300,83,2025-01-20,2026-01-25,64,efficientnet_b0_ver1,121,2026-01-25,-42.379526,-72.415754,Alfred-Wegener-Institut,Wall of Mouths project - 2024 Expedition,https://coralnet.ucsd.edu/source/6123/,No,4,1,No hard corals,TRUE,TRUE
6201,Sdot-Yam 10,204,3264,34,2025-02-12,2025-12-31,86,efficientnet_b0_ver1,107,2025-07-29,32.49028,34.89146,"NEXUS, University of Haifa",Sdot-Yam rock at 10 meter depth,https://coralnet.ucsd.edu/source/6201/,No,4,1,No hard corals,TRUE,TRUE
6202,Sdot-Yam 45,164,2624,50,2025-02-12,2025-06-30,71,efficientnet_b0_ver1,159,2025-06-30,32.53,34.85,"NEXUS, University of Haifa",Sdot-Yam rock at 45 meter depth,https://coralnet.ucsd.edu/source/6202/,No,4,1,NA,TRUE,TRUE
6203,Sdot-Yam 25,134,2144,36,2025-02-12,2026-01-27,74,efficientnet_b0_ver1,93,2025-07-27,32.51,34.87,"NEXUS, University of Haifa",Sdot-Yam rock at 25 meter depth,https://coralnet.ucsd.edu/source/6203/,No,4,1,No hard corals,TRUE,TRUE
6204,ARMS_Brest_2024-2025,204,24684,62,2025-02-12,2025-06-06,82,efficientnet_b0_ver1,199,2025-05-22,48.380371,-4.440551,Ifremer_Brest,"ARMS of the Brest Rade, Climarest project, 03-11/2024",https://coralnet.ucsd.edu/source/6204/,No,4,1,Seems to be photos from a microscope,TRUE,TRUE
6210,Okinawa Coral Reef Conservation2024,1001,20020,62,2025-02-13,2025-03-17,68,efficientnet_b0_ver1,1001,2026-01-22,26.5,127.85,Okikanka,Okinawa Prefecture Coral Reef Preservation and Rehabilitation Regional Model Project Commuity Structure Study after Outplant,https://coralnet.ucsd.edu/source/6210/,No,5,2,One photo has a 3 for hard coral diversity (5059780.jpg),TRUE,TRUE
6218,SAMOA LTMP DATASET,1234,123400,43,2025-02-15,2025-11-19,73,efficientnet_b0_ver1,1233,2025-10-25,13.8316,171.7689,University of New South Wales,Coral health surveys conducted around Apia Samoa from April 2024,https://coralnet.ucsd.edu/source/6218/,No,3,2,"2 photos are blurry, 1 photo has no corals, and 1 photo has high coral cover but low diversity (5789214.jpg)",TRUE,TRUE
6242,Sharon30,108,1728,45,2025-02-20,2025-02-23,67,efficientnet_b0_ver1,107,2025-02-23,32.23,34.78,"NEXUS, University of Haifa",Rocky reef at 30 meter next to Gaash,https://coralnet.ucsd.edu/source/6242/,No,4,1,Macroalgae dominated,TRUE,TRUE
6294,NZ_Motiti PA_benthic surveys,231,5775,37,2025-03-03,2025-12-01,68,efficientnet_b0_ver1,185,2025-10-31,-37.619783,176.418244,UoW,Reef heath assessment for PhD project,https://coralnet.ucsd.edu/source/6294/,No,3,1,Kelp,TRUE,TRUE
6377,VerdeSomeroTR4,40,520,31,2025-03-17,2025-03-18,77,efficientnet_b0_ver1,40,2025-03-18,19,-96,Universidad Veracruzana,Blanqueamiento,https://coralnet.ucsd.edu/source/6377/,No,3,1,Rubble dominated,TRUE,TRUE
6447,Chagos bleaching,600,18000,31,2025-03-31,2025-04-23,84,efficientnet_b0_ver1,145,2025-04-02,-6.63941,71.33949,Coral Reef Diagnostics,"Images taken of coral reefs of Peros Banhos, Chagos before and after a severe bleaching event in May 2015.",https://coralnet.ucsd.edu/source/6447/,No,4,4,Photos are not perpendicular to the substrate,TRUE,TRUE
6494,Cayos_cochinos,133,3990,65,2025-04-11,2025-08-26,69,efficientnet_b0_ver1,121,2025-07-17,15.96,-86.47,University of Miami,"This repository has photoquadrants of benthic community sampled in Cayos Cochinos, Honduras in March/2025",https://coralnet.ucsd.edu/source/6494/,No,3,2,NA,TRUE,TRUE
6521,Fiji Classifier V1G,597,29850,55,2025-04-21,2025-04-21,81,efficientnet_b0_ver1,597,2025-04-21,-17.83,178,SIO,Attempting to create a classifier for fiji from KSLOF images. Using 597 training images. Classifier trained to Genus.,https://coralnet.ucsd.edu/source/6521/,Yes,5,3,NA,TRUE,TRUE
6529,ARMS_Toulon_2024-2025,162,19602,108,2025-04-22,2025-06-02,71,efficientnet_b0_ver1,161,2025-06-02,43.09258,5.95477,Ifremer_Brest,"ARMS of the Toulon Rade, Climarest project, 10/2024-03/2025",https://coralnet.ucsd.edu/source/6529/,No,5,1,No corals,TRUE,TRUE
6537,202 Tonga Genus,275,13750,41,2025-04-23,2025-04-23,87,efficientnet_b0_ver1,275,2025-04-23,-21.178986,-175.198242,SIO,Genus level source trained on 80% of LOF tonga data,https://coralnet.ucsd.edu/source/6537/,Yes,5,3,NA,TRUE,TRUE
6540,SantiaguilloSEPT2024,585,7605,53,2025-04-23,2025-06-29,71,efficientnet_b0_ver1,585,2025-06-29,19,95,Universidad Veracruzana,Monitoreo arrecifal SAV,https://coralnet.ucsd.edu/source/6540/,No,3,1,NA,TRUE,TRUE
6620,2021-2025_CoEcoDigue-Climarest,640,77440,51,2025-05-13,2026-01-23,85,efficientnet_b0_ver1,536,2026-01-13,48.380371,-4.440551,Ifremer_Brest,"Photos Quadrats from the Ecoblocks in Brest from September and March, form September 2021 to September 2025. Photos Quadrats from 3 zones, Hight-Middle-Low.",https://coralnet.ucsd.edu/source/6620/,No,5,0,No corals and photos above water,TRUE,TRUE
6687,301 - West Pacific,1990,99500,66,2025-05-22,2025-05-23,81,efficientnet_b0_ver1,1990,2025-05-23,-15,165.618,SIO,"This is a classifier trained on source data from Fiji, Solomon Islands, Tonga, New Caledonia",https://coralnet.ucsd.edu/source/6687/,Yes,5,4,NA,TRUE,TRUE
6695,BEQA_DKB_24,444,33300,61,2025-05-23,2025-06-25,69,efficientnet_b0_ver1,423,2025-06-10,-18.4162594,178.1393318,Pacific Blue Foundation,Training of CoralNet with BYS images.,https://coralnet.ucsd.edu/source/6695/,Yes,3,3,NA,TRUE,TRUE
6698,301-Tonga,275,13750,53,2025-05-23,2025-05-23,79,efficientnet_b0_ver1,275,2025-05-23,-21.178986,-175.198242,SIO,A source trained on images and annotations from Tonga,https://coralnet.ucsd.edu/source/6698/,Yes,5,2,NA,TRUE,TRUE
6699,301-NewCaledonia,1482,74100,59,2025-05-23,2025-05-23,82,efficientnet_b0_ver1,1482,2025-05-23,-20.904305,165.618042,SIO,This is a source trained on images from new caledonia,https://coralnet.ucsd.edu/source/6699/,Yes,5,4,NA,TRUE,TRUE
6700,301-Fiji,478,23900,54,2025-05-23,2025-05-23,80,efficientnet_b0_ver1,478,2025-05-23,-17.713371,178.065033,SIO,Classifier trained on images from Fiji,https://coralnet.ucsd.edu/source/6700/,Yes,5,2,NA,TRUE,TRUE
6702,IDcobertura,1368,17784,50,2025-05-26,2025-06-30,70,efficientnet_b0_ver1,1349,2025-06-30,18,95,Universidad Veracruzana,Monitoreo arrecifal SAV,https://coralnet.ucsd.edu/source/6702/,No,3,1,NA,TRUE,TRUE
6716,PBF New Caledonia Genus,1703,85150,62,2025-06-02,2025-06-03,81,efficientnet_b0_ver1,1703,2025-06-03,-20.904305,165.618042,SIO,"This is a source trained on LOF images from New Caledonia.

Genus",https://coralnet.ucsd.edu/source/6716/,Yes,5,3,One photo has higher diversity than the others (5426841.jpg),TRUE,TRUE
6717,PBF - Solomon Islands Genus,557,27850,57,2025-06-03,2025-06-03,78,efficientnet_b0_ver1,557,2025-06-03,-9.64571,160.156189,SIO,Solomon Islands genus classifier,https://coralnet.ucsd.edu/source/6717/,Yes,5,3,NA,TRUE,TRUE
6721,PBF Fiji Genus,478,23900,55,2025-06-03,2025-06-03,80,efficientnet_b0_ver1,478,2025-06-03,-17.713371,178.065033,SIO,Fiji Genus Classifier,https://coralnet.ucsd.edu/source/6721/,Yes,5,4,NA,TRUE,TRUE
6722,PBF Tonga Genus,196,9800,48,2025-06-03,2025-06-03,79,efficientnet_b0_ver1,196,2025-06-03,-21.178986,-175.198242,SIO,Classifier for Tonga,https://coralnet.ucsd.edu/source/6722/,Yes,5,4,NA,TRUE,TRUE
6733,Melanesia,2181,109050,64,2025-06-05,2025-06-06,81,efficientnet_b0_ver1,2181,2025-06-06,-8,152,sio,"This has images from tonga, new caledonia, fiji, solomon islands",https://coralnet.ucsd.edu/source/6733/,Yes,5,3,NA,TRUE,TRUE
6794,Raja Expedition,275,6875,64,2025-06-17,2025-07-28,67,efficientnet_b0_ver1,270,2025-07-28,-1.032047,130.505219,Indo Ocean Foundation,Benthic data from Raja Ampat Expedition,https://coralnet.ucsd.edu/source/6794/,No,3,1,NA,TRUE,TRUE
6834,PBF Tonga 95%/Rare,196,9800,39,2025-06-25,2025-06-25,87,efficientnet_b0_ver1,196,2025-06-25,-21.178986,-175.198242,SIO,This classifier is a 95%/Rare labelset classifier for Tonga,https://coralnet.ucsd.edu/source/6834/,Yes,5,4,NA,TRUE,TRUE
6835,PBF New Caledonia 95%,1703,85150,49,2025-06-25,2025-06-26,90,efficientnet_b0_ver1,1703,2025-06-26,-20.904305,165.618,SIO,95% Genus / Rare Classifier for New Caledonia,https://coralnet.ucsd.edu/source/6835/,Yes,5,4,NA,TRUE,TRUE
6838,PBF Fiji 95%/Rare,478,23900,45,2025-06-25,2025-06-25,88,efficientnet_b0_ver1,478,2025-06-25,17.7,178,sio,fiji 95%/rare classifier,https://coralnet.ucsd.edu/source/6838/,Yes,5,3,NA,TRUE,TRUE
6839,PBF - Solomon Islands 95%/Rare,557,27850,44,2025-06-25,2025-06-25,91,efficientnet_b0_ver1,557,2025-06-25,-9,160.156189,SIO,solomon island 95% rare classifier,https://coralnet.ucsd.edu/source/6839/,Yes,4,3,NA,TRUE,TRUE
6855,PBF West Pacific Genus,2934,146700,70,2025-06-28,2025-06-30,80,efficientnet_b0_ver1,2934,2025-06-30,1,1,SIO,"Classifier trained from fiji, sol islands, new cal, tonga on LOF genus labelset",https://coralnet.ucsd.edu/source/6855/,Yes,4,3,NA,TRUE,TRUE
6868,PBF West Pacific 95%/Rare,2934,146700,52,2025-06-30,2025-07-01,90,efficientnet_b0_ver1,2934,2025-07-01,1,1,SIO,West Pacific 95%/Rare classifier,https://coralnet.ucsd.edu/source/6868/,Yes,4,3,NA,TRUE,TRUE
6918,T G-1.5% WEST PACIFIC,44,2200,48,2025-07-07,2025-07-09,72,efficientnet_b0_ver1,44,2025-07-09,1,1,SIO,TRAINING-GENUS WITH 1.5% OF ENTIRE TRAINING SET,https://coralnet.ucsd.edu/source/6918/,Yes,4,3,NA,TRUE,TRUE
6919,T G-3% WEST PACIFIC,88,4400,52,2025-07-07,2025-07-09,76,efficientnet_b0_ver1,88,2025-07-09,1,1,SIO,TRAINING GENUS-3% OF WEST PACIFIC DATASET,https://coralnet.ucsd.edu/source/6919/,Yes,4,3,NA,TRUE,TRUE
6920,T G-6% WEST PACIFIC,177,8850,55,2025-07-07,2025-07-09,82,efficientnet_b0_ver1,177,2025-07-09,1,1,SIO,TRAINING GENUS WITH 6% OF WEST PACIFIC STE,https://coralnet.ucsd.edu/source/6920/,Yes,4,3,NA,TRUE,TRUE
6921,T G-12% WEST PACIFIC,366,18300,61,2025-07-07,2025-07-09,78,efficientnet_b0_ver1,366,2025-07-09,1,1,SIO,TRAINING GENUS WITH 12% OF WEST PACIFIC STE,https://coralnet.ucsd.edu/source/6921/,Yes,4,3,NA,TRUE,TRUE
6922,T G-25% WEST PACIFIC,734,36700,63,2025-07-07,2025-07-09,78,efficientnet_b0_ver1,734,2025-07-09,1,1,SIO,TRAINING GENUS WITH 25% OF WEST PACIFIC STE,https://coralnet.ucsd.edu/source/6922/,Yes,4,4,NA,TRUE,TRUE
6923,T G-50% WEST PACIFIC,1468,73400,64,2025-07-07,2025-07-09,80,efficientnet_b0_ver1,1468,2025-07-09,1,1,SIO,TRAINING GENUS WITH 50% OF WEST PACIFIC STE,https://coralnet.ucsd.edu/source/6923/,Yes,5,3,NA,TRUE,TRUE
6924,T G-100% WEST PACIFIC,2934,146700,70,2025-07-07,2025-07-09,80,efficientnet_b0_ver1,2934,2025-07-09,1,1,SIO,TRAINING GENUS WITH 100% OF WEST PACIFIC STE,https://coralnet.ucsd.edu/source/6924/,Yes,4,4,NA,TRUE,TRUE
6926,T 95/Rare-1.5% WEST PACIFIC,44,2200,32,2025-07-07,2025-07-09,91,efficientnet_b0_ver1,44,2025-07-09,1,1,SIO,TRAINING curve-95/Rare WITH 1.5% OF ENTIRE TRAINING SET,https://coralnet.ucsd.edu/source/6926/,Yes,4,3,NA,TRUE,TRUE
6927,T 95/Rare-3% WEST PACIFIC,88,4400,39,2025-07-07,2025-07-09,88,efficientnet_b0_ver1,88,2025-07-09,1,1,SIO,TRAINING curve-95/Rare WITH 3% OF ENTIRE TRAINING SET,https://coralnet.ucsd.edu/source/6927/,Yes,5,4,NA,TRUE,TRUE
6928,T 95/Rare-6% WEST PACIFIC,176,8800,42,2025-07-07,2025-07-09,89,efficientnet_b0_ver1,176,2025-07-09,1,1,SIO,training curve-95/Rare WITH 6% OF ENTIRE TRAINING SET,https://coralnet.ucsd.edu/source/6928/,Yes,5,4,NA,TRUE,TRUE
6929,T 95/Rare-12% WEST PACIFIC,367,18350,47,2025-07-07,2025-07-11,88,efficientnet_b0_ver1,367,2025-07-11,1,1,SIO,training curve-95/Rare WITH 12% OF ENTIRE TRAINING SET,https://coralnet.ucsd.edu/source/6929/,Yes,5,4,NA,TRUE,TRUE
6930,T 95/Rare-25% WEST PACIFIC,734,36700,50,2025-07-07,2025-07-09,89,efficientnet_b0_ver1,734,2025-07-09,1,1,SIO,training curve-95/Rare WITH 25% OF ENTIRE TRAINING SET,https://coralnet.ucsd.edu/source/6930/,Yes,4,4,NA,TRUE,TRUE
6931,T 95/Rare-50% WEST PACIFIC,1468,73400,51,2025-07-07,2025-07-09,89,efficientnet_b0_ver1,1468,2025-07-09,1,1,SIO,training curve-95/Rare WITH 50% OF ENTIRE TRAINING SET,https://coralnet.ucsd.edu/source/6931/,Yes,5,4,NA,TRUE,TRUE
6932,T 95/Rare-100% WEST PACIFIC,2933,146650,52,2025-07-07,2025-07-09,89,efficientnet_b0_ver1,2933,2025-07-09,1,1,SIO,training curve-95/Rare WITH 100% OF ENTIRE TRAINING SET,https://coralnet.ucsd.edu/source/6932/,Yes,5,4,NA,TRUE,TRUE
6951,REEFO_Test01,1350,91500,61,2025-07-10,2025-09-20,77,efficientnet_b0_ver1,1350,2025-09-20,1,1,Reefo,Test01,https://coralnet.ucsd.edu/source/6951/,No,3,1,NA,TRUE,TRUE
6956,REEFO_Test02,2060,127000,70,2025-07-11,2025-08-02,77,efficientnet_b0_ver1,2060,2025-10-15,1,1,Reefo,Reefo,https://coralnet.ucsd.edu/source/6956/,No,3,1,Restoration project,TRUE,TRUE
6968,FSU/STINAPA,665,19606,53,2025-07-14,2025-11-25,68,efficientnet_b0_ver1,312,2025-09-29,12.20076,-68.3044,Florida State University,A collaboration between FSU and STINAPA Bonaire to better understand the effects of climate change on the reef,https://coralnet.ucsd.edu/source/6968/,Yes,5,2,NA,TRUE,TRUE
7054,2025_403_Project,291,14550,35,2025-08-01,2025-08-11,80,efficientnet_b0_ver1,160,2025-08-05,21.4336873,-157.7880163,HIMB,"This project analyzes the differences in benthic cover and fish abundance across patch reefs (Reef 26 & Reef 28) and fringing reefs (Goby Bay & Coconut Beach) in K膩ne驶ohe Bay, O驶ahu. We are quantifying coral cover, algal cover, and fish diversity/abundance to examine how reef structure influences community composition.",https://coralnet.ucsd.edu/source/7054/,Yes,3,2,NA,TRUE,TRUE
7072,T 95/Rare 0.75% West Pacific,22,1100,32,2025-08-04,2025-08-04,100,efficientnet_b0_ver1,22,2025-08-04,1,1,SIO,22 training images for 95%/rare,https://coralnet.ucsd.edu/source/7072/,Yes,5,3,NA,TRUE,TRUE
7116,Guam Benthic Calcifying Community,1168,21872,47,2025-08-11,2026-01-23,87,efficientnet_b0_ver1,1027,2025-12-04,13.42659,144.789536,University of Guam,Emma Miller's master's thesis project to identify calcifying members of the reef communities in Guam.,https://coralnet.ucsd.edu/source/7116/,Yes,4,2,NA,TRUE,TRUE
7176,KRSP,401,9950,43,2025-08-27,2026-01-20,75,efficientnet_b0_ver1,345,2026-01-13,-14.3122,-170.697,Key reef program,Conducting reef flat and reef slope surveys for sustainability for our benthic and fish ecosystem.,https://coralnet.ucsd.edu/source/7176/,No,3,1,NA,TRUE,TRUE
7461,Alissa_dominican,100,2500,47,2025-10-03,2026-01-27,78,efficientnet_b0_ver1,77,2025-12-28,0,0,UOP,Alissa dominican project,https://coralnet.ucsd.edu/source/7461/,No,4,1,Only one photo that has identifyable corals,TRUE,TRUE
7462,Olive_dominican,124,3100,46,2025-10-03,2025-12-18,78,efficientnet_b0_ver1,84,2025-12-17,0,0,UOP,Olive dominican project,https://coralnet.ucsd.edu/source/7462/,No,3,1,NA,TRUE,TRUE
372,CREP-REA HAWAII,40478,404780,64,9/30/2015,6/13/2024,78,efficientnet_b0_ver1,31904,4/19/2022,20.269927,-159.038086,Coral Reef Ecosystem Program,"Coral reef surveys by the Ecosystem Sciences Division - Coral Reef Ecosystem Program (CREP) at the US National Oceanic and Atmospheric Administration (NOAA), Pacific Island Fisheries Science Center (PIFSC)",https://coralnet.ucsd.edu/source/372/,No,4,2,NA,TRUE,TRUE
373,CREP-REA MARIANAS,26299,262990,92,9/30/2015,2/26/2025,72,vgg16_coralnet_ver1,23913,1/27/2025,13.995372,145.195313,Coral Reef Ecosystem Program,"Coral reef surveys by the Ecosystem Sciences Division - Coral Reef Ecosystem Program (CREP) at the US National Oceanic and Atmospheric Administration (NOAA), Pacific Island Fisheries Science Center (PIFSC)",https://coralnet.ucsd.edu/source/373/,No,3,2,It seems that it's taken using a wide lens,TRUE,TRUE
466,5 Mile Seasonal Study,1557,112104,47,5/26/2016,9/26/2017,78,vgg16_coralnet_ver1,839,3/29/2017,34.10215,-77.75081667,UNCW,A study of the seasonal recruitment of a shallow (17m) North Carolina hard bottom ledge system.,https://coralnet.ucsd.edu/source/466/,No,2,0,No corals,TRUE,TRUE
554,Kahekili,22395,335925,42,12/6/2016,11/18/2025,86,efficientnet_b0_ver1,13847,11/26/2024,20.94316,-156.6946,Coral Reef Ecosystem Program,Coral reef surveys by CREP and DAR of Kahekili West Maui and adjacent reefs,https://coralnet.ucsd.edu/source/554/,No,3,2,NA,TRUE,TRUE
1645,Okinawa Coral Reef Conservation2019-20,3000,60000,72,10/1/2019,2/28/2021,63,vgg16_coralnet_ver1,3000,9/24/2021,26.5,127.85,Okikanka,Okinawa Prefecture Coral Reef Preservation and Rehabilitation Regional Model Project Commuity Structure Study after Outplant,https://coralnet.ucsd.edu/source/1645/,Yes,5,3,NA,TRUE,TRUE
1718,Catalina Community Surveys,72,5400,44,11/19/2019,1/20/2022,58,vgg16_coralnet_ver1,71,12/7/2019,33.44511,-118.48209,CSULB,"Community composition surveys from 0m to 20m at 4 sites around Big Fisherman Cove, Catalina Island, CA.",https://coralnet.ucsd.edu/source/1718/,No,3,0,No corals,TRUE,TRUE
1776,Lizard v. Heron 2019,448,13440,33,2/7/2020,5/7/2020,78,vgg16_coralnet_ver1,355,4/24/2020,-14.668043,145.463776,Kristen Brown- The University of Queensland,Lizard Island (Nov 2019) and Heron Island (Dec 2019) 0.25m2 photoquadrats,https://coralnet.ucsd.edu/source/1776/,Yes,3,2,NA,TRUE,TRUE
1783,Sint Eustatius,1638,49140,40,2/13/2020,6/28/2020,65,vgg16_coralnet_ver1,1640,4/20/2020,16.716439,-62.219291,University of Amsterdam,Master project,https://coralnet.ucsd.edu/source/1783/,Yes,4,3,Two photos are blurry: 1518169 & 1518368,TRUE,TRUE
1933,"Rocky Reef Biodiversity Survey: Punta Pardelas, Argentina",560,56000,57,5/23/2020,11/19/2020,72,vgg16_coralnet_ver1,560,5/28/2020,-42.6289,-64.2632,PROYECTOSUB,Benthic survey in rocky reefs from Pardelas Bay using 25 x 25 cm photoquadrats. This project is part of Gonzalo Bravo PhD and supported by CONICET,https://coralnet.ucsd.edu/source/1933/,No,3,0,No corals,TRUE,TRUE
2055,Cape Maeda2020,300,3000,38,8/12/2020,8/14/2020,57,vgg16_coralnet_ver1,300,8/17/2020,26.4436,127.7725,Okikanka,Onna Village Natural Environment Survey,https://coralnet.ucsd.edu/source/2055/,Yes,4,3,NA,TRUE,TRUE
2112,WAPA RFM,6089,304450,80,9/17/2020,8/26/2024,86,efficientnet_b0_ver1,4824,7/22/2024,13.475,144.706,National Park Service,"Monitoring fixed transects at War in the Pacific National Historical Park (Guam, USA).",https://coralnet.ucsd.edu/source/2112/,No,3,1,NA,TRUE,TRUE
2297,CoralNet_Assistance_Test_0921,4271,106775,75,2/8/2021,9/15/2021,78,efficientnet_b0_ver1,4272,6/10/2022,32,32,SIO,test,https://coralnet.ucsd.edu/source/2297/,Yes,3,3,NA,TRUE,TRUE
2315,Algal composition Michmoret,401,40100,34,2/16/2021,7/21/2021,85,vgg16_coralnet_ver1,139,3/29/2021,32.416639,34.86375,"Faculty of marine science, Ruppin Aacademic Center","Macroalgae community in Michmoret, Israel. 
This source is part of the M.Sc. thesis by Rei Diga: Close-range ecological effects of invading bivalves in the Levantine basin. 
For comments please contact me at:
diga.boker@gmail.com",https://coralnet.ucsd.edu/source/2315/,No,3,0,No corals,TRUE,TRUE
2544,"Calabash Bight Port Royal, Roatan",461,11525,53,5/24/2021,6/22/2021,64,efficientnet_b0_ver1,288,6/18/2021,16.409345,86.290473,Centro de Estudios Marinos,"Monitoreo biolÃ³gico para Zona de RecuperaciÃ³n Pesquera Calabash Bight Port Royal, Santos Guardiola, Roatan, Honduras.",https://coralnet.ucsd.edu/source/2544/,No,3,1,NA,TRUE,TRUE
2615,Saudi Red Sea Seasonal Differences: Offshore-Midshelf sheltered slope,2579,51580,54,6/16/2021,6/12/2023,66,efficientnet_b0_ver1,2504,6/5/2023,22.29607,39.111439,King Abdullah University of Science & Technology,"3x50m benthic surveys w/ a photo (approximately) every meter taken ~70cm from the benthos.
Photos from offshore and mid-shelf reef slopes (~10m depth) from sheltered slopes.
Surveys conducted Winter 2019, Spring 2019, Summer 2019, Fall 2019, Winter 2020, Fall 2020 (bleaching)",https://coralnet.ucsd.edu/source/2615/,No,3,1,NA,TRUE,TRUE
2616,Saudi Red Sea Seasonal Differences: Offshore-Midshelf sheltered crest,2407,48140,53,6/16/2021,6/12/2023,67,efficientnet_b0_ver1,2089,6/2/2023,22.29607,39.111439,King Abdullah University of Science & Technology,"3x50m benthic surveys w/ a photo (approximately) every meter taken ~50cm from the benthos.
Photos from offshore and mid-shelf reef slopes (~10m depth) from sheltered crests.
Surveys conducted Winter 2019, Spring 2019, Summer 2019, Fall 2019, Winter 2020, Fall 2020 (bleaching)",https://coralnet.ucsd.edu/source/2616/,No,3,1,NA,TRUE,TRUE
2682,403 HeÊ»eia Restoration '21,675,16875,32,7/15/2021,8/4/2021,72,efficientnet_b0_ver1,659,7/31/2021,21.44172,-157.80947,University of Hawaii at Manoa,A second year of assessing coral cover and diversity in the HeÊ»eia fish pond.,https://coralnet.ucsd.edu/source/2682/,No,3,1,NA,TRUE,TRUE
2716,Maui_Papa'ula,1087,27175,35,8/2/2021,12/18/2025,94,efficientnet_b0_ver1,875,6/27/2025,20.924367,-156.426183,DLNR_Aquatics,"Photos from the Coral Reef Assessment Monitoring Program (CRAMP) that survey the benthic habitat for our north shoreline site on the island of Maui. Sites have 2 permanent transects (1 deep, 1 shallow) with 10 sub-transects at each.",https://coralnet.ucsd.edu/source/2716/,No,3,0,No corals,TRUE,TRUE
2744,WAPA Interns,1034,51700,79,9/2/2021,1/27/2023,72,efficientnet_b0_ver1,1004,1/20/2023,13.4631783,144.754211,National Park Service,"Shallow reef flat photos analyzed by interns for War in the Pacific National Historical Park (Hagatna, Guam).",https://coralnet.ucsd.edu/source/2744/,No,3,1,"Only one photo that has coral, the rest are rubbles",TRUE,TRUE
2759,Cape Maeda2021,602,6100,44,9/14/2021,1/6/2022,69,efficientnet_b0_ver1,540,1/6/2022,26.4436,127.7725,Okikanka,Marine leisure activities at Cape Maeda,https://coralnet.ucsd.edu/source/2759/,Yes,3,2,NA,TRUE,TRUE
2762,Paleocanal,34,6800,40,9/16/2021,7/23/2025,78,efficientnet_b0_ver1,34,7/23/2025,20,39,UFRJ,% Paleoriver benthic cover,https://coralnet.ucsd.edu/source/2762/,No,3,1,NA,TRUE,TRUE
2795,Maldives_2021,7042,176050,78,10/3/2021,1/12/2022,78,efficientnet_b0_ver1,7042,8/6/2022,3.2,73.2,SIO,Maldives 2021,https://coralnet.ucsd.edu/source/2795/,No,3,2,Only one photo that has some corals: 2150982,TRUE,TRUE
2799,TEST,21,630,36,10/6/2021,10/12/2021,85,efficientnet_b0_ver1,20,10/12/2021,4.003,73.002,MMRI,test,https://coralnet.ucsd.edu/source/2799/,Yes,3,3,NA,TRUE,TRUE
2866,Molokai_Kamalo,858,21450,31,11/30/2021,1/9/2026,87,efficientnet_b0_ver1,577,6/27/2025,21.03747,-156.89757,DLNR_Aquatics,"Photos from the Coral Reef Assessment Monitoring Program (CRAMP) that survey the benthic habitat for south shoreline site on the island of Molokai. Sites have 2 permanent transects (1 deep, 1 shallow) with 10 sub-transects at each",https://coralnet.ucsd.edu/source/2866/,No,3,1,NA,TRUE,TRUE
2874,Maui_Puamana,1079,26975,31,12/1/2021,12/12/2025,94,efficientnet_b0_ver1,865,6/27/2025,20.85531,-156.66849,DLNR_Aquatics,"Photos from the Coral Reef Assessment Monitoring Program (CRAMP) that survey the benthic habitat for west shoreline site on the island of Maui. Sites have 2 permanent transects (1 deep, 1 shallow) with 10 sub-transects at each.",https://coralnet.ucsd.edu/source/2874/,No,3,1,NA,TRUE,TRUE
2969,"Iriona, ColÃ³n",300,3000,36,2/10/2022,2/20/2022,53,efficientnet_b0_ver1,186,2/18/2022,16.669483,17.56059,CEM,Monitoreo biologÃ­co,https://coralnet.ucsd.edu/source/2969/,No,2,1,Wide lense and blurry,TRUE,TRUE
2978,Micro,3027,81114,77,2/17/2022,2/21/2022,77,efficientnet_b0_ver1,3027,6/7/2022,6.8,158.2,SIO,micro,https://coralnet.ucsd.edu/source/2978/,Yes,3,3,Only two photos that has good image quality and coral diversity: 2332174 and 2332199,TRUE,TRUE
3015,Micro_challenge,7081,35594,75,2/28/2022,3/2/2022,64,efficientnet_b0_ver1,7081,3/3/2022,6.8,158,SIO,micronesia challenge (not sandin lab data),https://coralnet.ucsd.edu/source/3015/,No,3,2,Only two photos that has good coral diversity: 2359429 and 2360346,TRUE,TRUE
3046,WorkshopTest,61,1325,41,3/5/2022,3/12/2022,82,efficientnet_b0_ver1,61,3/12/2022,-12.95975,40.55645,"CICA, Lurio University",testing,https://coralnet.ucsd.edu/source/3046/,No,2,2,NA,TRUE,TRUE
3058,micro_combined,20835,170343,128,3/11/2022,3/5/2023,72,efficientnet_b0_ver1,20226,12/12/2022,6.8,158.2,SIO,micro combined,https://coralnet.ucsd.edu/source/3058/,Yes,3,3,NA,TRUE,TRUE
3063,Vamizi,1597,39925,87,3/14/2022,10/6/2024,66,efficientnet_b0_ver1,1567,10/6/2024,-10.993217,40.68025,"CICA, Lurio University",Historical data from vamizi island.,https://coralnet.ucsd.edu/source/3063/,No,3,2,NA,TRUE,TRUE
3064,Southern Line Islands,3479,86975,37,3/15/2022,4/6/2024,84,efficientnet_b0_ver1,2627,3/9/2024,-9.97102,-150.2216,Scripps Institution of Oceanography,Photoquadrat Imagery from expeditions to the Southern Line Islands,https://coralnet.ucsd.edu/source/3064/,Yes,4,1,"The coral diveristy is low, but it has good coral cover in the photo",TRUE,TRUE
3241,PUR PROJET PERJARAKAN,211,5275,49,5/10/2022,6/6/2022,73,efficientnet_b0_ver1,141,5/30/2022,-8.1334257,114.5557044,People & Nature Consulting International,"Impact assesment of a coral restoration site in north west Bali, Indonesia. Comparing benthic cover to a control sites and 3 different methods being used for coral restoration in the area.",https://coralnet.ucsd.edu/source/3241/,No,3,2,NA,TRUE,TRUE
3249,Altieri Biscayne Bay,249,12450,40,5/12/2022,8/29/2022,79,efficientnet_b0_ver1,211,8/20/2022,25.4,80.1,University of Florida,Collaboration with NOAA and BNP,https://coralnet.ucsd.edu/source/3249/,No,3,1,NA,TRUE,TRUE
3263,Masonboro Inlet North Jetty,375,18750,50,5/19/2022,10/4/2023,57,efficientnet_b0_ver1,334,3/20/2023,34.180326,-77.804322,UNCW,"A study of the epibenthic community at the North Masonboro Inlet jetty at Wrightsville Beach, NC. Sampling was done on North and South faces of the jetty with samples from 0-4' below MLLW and 12-16' below MLLW.",https://coralnet.ucsd.edu/source/3263/,No,2,1,NA,TRUE,TRUE
3290,VictoriaHeatdome,219,21900,54,5/27/2022,3/1/2025,74,efficientnet_b0_ver1,207,6/5/2024,48.412252,-123.3819,University of Victoria,assessing heatdome,https://coralnet.ucsd.edu/source/3290/,No,5,0,No corals and above water,TRUE,TRUE
3298,Moreton Bay Transects,718,71800,63,6/2/2022,9/22/2022,70,efficientnet_b0_ver1,635,8/30/2022,-27.006613,153.087531,University of Queensland,"Randomly selected photos from a series of transects collected between October 2021 and June 2022 at several sites across Moreton Bay, Queensland.",https://coralnet.ucsd.edu/source/3298/,No,2,1,NA,TRUE,TRUE
3300,Memba MB19,75,1875,32,6/2/2022,1/27/2023,79,efficientnet_b0_ver1,75,1/27/2023,-14.327935,40.800575,WCS,Mozambique MB19,https://coralnet.ucsd.edu/source/3300/,No,3,1,NA,TRUE,TRUE
3349,LH CBC 2019-2022,443,17720,55,6/23/2022,10/26/2023,59,efficientnet_b0_ver1,415,10/17/2023,16.80863,-88.0862,Smithsonian,Change in cover at monitoring sites from 2019-2022,https://coralnet.ucsd.edu/source/3349/,No,3,1,NA,TRUE,TRUE
3363,carib,14291,395813,113,7/8/2022,12/22/2022,73,efficientnet_b0_ver1,14092,8/8/2022,21,78,SIO,carib,https://coralnet.ucsd.edu/source/3363/,Yes,3,2,Only two photos that are good: 2669041 and 2669227,TRUE,TRUE
3371,ESD_REA_MARIANA_v2,25536,255360,95,7/13/2022,1/27/2026,81,efficientnet_b0_ver1,19055,11/18/2025,13.4443,144.7937,NOAA Ecosystem Sciences Division,"Coral reef surveys by the Ecosystem Sciences Division at the US National Oceanic and Atmospheric Administration (NOAA), Pacific Island Fisheries Science Center (PIFSC)",https://coralnet.ucsd.edu/source/3371/,No,3,1,Few corals and spotty,TRUE,TRUE
3373,Hawaii_Leleiwi,425,10625,37,7/16/2022,8/29/2023,81,efficientnet_b0_ver1,525,8/29/2023,19.7344,-155.01815,DLNR_Aquatics,"Photos from the Coral Reef Assessment Monitoring Program (CRAMP) that survey the benthic habitat for Leleiwi site on the island of Hawaii. Sites have 2 permanent transects (1 deep, 1 shallow) with 10 sub-transects at each",https://coralnet.ucsd.edu/source/3373/,No,2,1,NA,TRUE,TRUE
3376,Hawaii_Laupahoehoe,643,16075,39,7/16/2022,4/14/2025,84,efficientnet_b0_ver1,526,11/7/2024,19.99124,-155.23881,DLNR_Aquatics,"Photos from the Coral Reef Assessment Monitoring Program (CRAMP) that survey the benthic habitat for Laupahoehoe site on the island of Hawaii. Sites have 2 permanent transects (1 deep, 1 shallow) with 10 sub-transects at each",https://coralnet.ucsd.edu/source/3376/,No,2,0,No corals,TRUE,TRUE
3379,NTOU SSlab MO investigate,404,20200,56,7/18/2022,7/21/2023,75,efficientnet_b0_ver1,389,7/21/2023,25.018095,121.989382,National Taiwan Ocean University,MO investigate,https://coralnet.ucsd.edu/source/3379/,No,3,1,NA,TRUE,TRUE
3401,Maldives_2022,7195,243600,80,8/1/2022,8/7/2022,80,efficientnet_b0_ver1,7197,8/8/2022,0,0,SIO,meh,https://coralnet.ucsd.edu/source/3401/,Yes,3,3,Only two photos are good: 2688156 and 2688675,TRUE,TRUE
3411,Micronesia_2022,14948,227594,108,8/7/2022,8/10/2022,74,efficientnet_b0_ver1,14948,8/11/2022,0,0,SIO,blah,https://coralnet.ucsd.edu/source/3411/,Yes,3,3,Only two photos are good: 2735827 and 2736882,TRUE,TRUE
3413,montserrat,5079,126975,84,8/8/2022,8/8/2022,75,efficientnet_b0_ver1,5079,8/8/2022,0,0,SIO,blah,https://coralnet.ucsd.edu/source/3413/,No,2,0,No corals,TRUE,TRUE
3414,curacao,5771,144238,65,8/8/2022,8/8/2022,75,efficientnet_b0_ver1,5771,8/9/2022,0,0,SIO,ugh,https://coralnet.ucsd.edu/source/3414/,No,3,1,NA,TRUE,TRUE
3415,Windward,3242,114625,81,8/8/2022,8/8/2022,70,efficientnet_b0_ver1,3242,8/8/2022,0,0,SIO,blurgh,https://coralnet.ucsd.edu/source/3415/,No,4,1,NA,TRUE,TRUE
3416,maldives_check2020,4824,120600,72,8/8/2022,8/8/2022,77,efficientnet_b0_ver1,3271,8/9/2022,0,0,SIO,argh,https://coralnet.ucsd.edu/source/3416/,No,3,1,NA,TRUE,TRUE
3417,maldives_check2021,2378,123225,63,8/8/2022,8/8/2022,80,efficientnet_b0_ver1,2378,8/9/2022,0,0,SIO,ugh,https://coralnet.ucsd.edu/source/3417/,No,3,1,NA,TRUE,TRUE
3421,maldives_theirs2,8852,44509,71,8/9/2022,8/10/2022,67,efficientnet_b0_ver1,8852,8/10/2022,0,0,SIO,blargh,https://coralnet.ucsd.edu/source/3421/,No,3,1,NA,TRUE,TRUE
3424,Ant,3098,67610,63,8/10/2022,8/11/2022,77,efficientnet_b0_ver1,3098,8/11/2022,0,0,SIO,blah,https://coralnet.ucsd.edu/source/3424/,No,2,3,Blurry photos,TRUE,TRUE
3425,Pohnpei,687,68700,67,8/10/2022,8/11/2022,79,efficientnet_b0_ver1,687,8/11/2022,0,0,SIO,NA,https://coralnet.ucsd.edu/source/3425/,Yes,3,2,NA,TRUE,TRUE
3440,PELD-Iloc - Noronha,918,45900,38,8/18/2022,10/8/2025,76,efficientnet_b0_ver1,631,7/31/2024,-3.84036,-32.2441,UFF,"PELD-ILOC (Long Term Ecological Research of Brazilians Oceanic Islands) is a network of Brazilian scientists from several universities and organizations engaged in long-term ecological research of marine biodiversity on the four Brazilian oceanic islands. The goal of the PELD-ILOC is to provide long-term research to the scientific community, policy makers, and society with the knowledge and predictive understanding necessary to conserve, protect, and manage the Brazilian oceanic islands ecosystems, their biodiversity, and the services they provide.",https://coralnet.ucsd.edu/source/3440/,No,3,1,Photos are blueish,TRUE,TRUE
3446,carib_bitbybit,8859,242769,99,8/21/2022,8/26/2022,72,efficientnet_b0_ver1,8859,8/26/2022,0,0,SIO,a,https://coralnet.ucsd.edu/source/3446/,No,3,1,NA,TRUE,TRUE
3460,Maldives_Katie,6196,210225,81,9/1/2022,9/1/2022,79,efficientnet_b0_ver1,6196,9/2/2022,0,0,SIO,blah,https://coralnet.ucsd.edu/source/3460/,Yes,4,3,NA,TRUE,TRUE
3465,Caribbean bitbybit 2,1000,27125,73,9/3/2022,10/13/2022,72,efficientnet_b0_ver1,5000,9/11/2022,0,0,SIO,grumble,https://coralnet.ucsd.edu/source/3465/,No,3,2,But one photo is good: 2826351,TRUE,TRUE
3466,Maldives_bitbybit,500,16575,51,9/4/2022,9/11/2022,80,efficientnet_b0_ver1,4999,9/11/2022,0,0,SIO,7,https://coralnet.ucsd.edu/source/3466/,Yes,4,3,NA,TRUE,TRUE
3467,Micronesia_bitbybit,100,2800,49,9/4/2022,9/11/2022,76,efficientnet_b0_ver1,5000,9/10/2022,0,0,SIO,3,https://coralnet.ucsd.edu/source/3467/,No,2,2,"Three photos are blurry: 2803608, 2805085, and 2806338",TRUE,TRUE
3478,Micronesia_bitbybit2,2000,62630,81,9/12/2022,9/13/2022,75,efficientnet_b0_ver1,2000,9/14/2022,0,0,SIO,aaaaaaaaaaaaaa,https://coralnet.ucsd.edu/source/3478/,Yes,3,3,Only two photos that are good: 2848875 and 2850368,TRUE,TRUE
3479,cb3,5000,136646,94,9/12/2022,9/21/2022,72,efficientnet_b0_ver1,5000,9/21/2022,0,0,SIO,r,https://coralnet.ucsd.edu/source/3479/,No,3,1,NA,TRUE,TRUE
3496,Micronesia_bitbybit3,4999,148040,84,9/14/2022,9/22/2022,76,efficientnet_b0_ver1,4999,9/22/2022,0,0,SIO,a,https://coralnet.ucsd.edu/source/3496/,No,2,1,NA,TRUE,TRUE
3497,Maldives_bitbybit3,4999,169325,77,9/14/2022,9/20/2022,79,efficientnet_b0_ver1,4999,9/20/2022,0,0,SIO,m,https://coralnet.ucsd.edu/source/3497/,No,3,1,NA,TRUE,TRUE
3499,mal100,4999,169300,77,9/15/2022,9/21/2022,77,efficientnet_b0_ver1,2825,9/22/2022,0,0,SIO,I'm so tired of this,https://coralnet.ucsd.edu/source/3499/,No,3,1,NA,TRUE,TRUE
3500,micro100,5000,148060,84,9/15/2022,9/22/2022,75,efficientnet_b0_ver1,5000,9/22/2022,0,0,SIO,still tired of this,https://coralnet.ucsd.edu/source/3500/,No,2,1,NA,TRUE,TRUE
3519,North Shore Disease Surveys,1779,28464,48,10/2/2022,3/31/2025,75,efficientnet_b0_ver1,1779,3/16/2025,-17.48172328,-149.839783,University of California Santa Barbara,Benthic quadrat photos along disease survey transects from the summer of 2022 along the northern shore of Moorea,https://coralnet.ucsd.edu/source/3519/,No,3,1,NA,TRUE,TRUE
3520,San Salvador,253,50600,49,10/3/2022,3/2/2023,66,efficientnet_b0_ver1,232,3/2/2023,24.0776,74.476,Eastern Connecticut State University,"Photos taken at four different sites  in San Salvador. The four sites include French Bay (23.948685, -74.539574), Grotto (23.957156, -74.561904), Sue Point (24.084591, -74.533052),Cemetery (24.00601829034897, -74.53563193928397), and Dump (24.122041, -74.473275).",https://coralnet.ucsd.edu/source/3520/,No,3,1,NA,TRUE,TRUE
3545,cb4,5000,136646,94,10/7/2022,10/15/2022,71,efficientnet_b0_ver1,5000,10/16/2022,0,0,SIO,ugh,https://coralnet.ucsd.edu/source/3545/,No,4,0,No corals,TRUE,TRUE
3546,maldives_bbb4,50,1725,35,10/7/2022,10/7/2022,70,efficientnet_b0_ver1,50,10/8/2022,0,0,SIO,argh,https://coralnet.ucsd.edu/source/3546/,No,3,2,NA,TRUE,TRUE
3551,2Maldives_2Katie,6604,175150,81,10/13/2022,11/30/2022,79,efficientnet_b0_ver1,6202,10/14/2022,0,0,SIO,Grumble,https://coralnet.ucsd.edu/source/3551/,No,3,1,NA,TRUE,TRUE
3554,micro_bbb4,5000,148060,84,10/14/2022,10/18/2022,75,efficientnet_b0_ver1,5000,10/19/2022,0,0,SIO,s,https://coralnet.ucsd.edu/source/3554/,No,3,2,Alga dominated,TRUE,TRUE
3555,maldives_bbb5,998,33750,63,10/14/2022,10/17/2022,78,efficientnet_b0_ver1,498,10/17/2022,0,0,SIO,s,https://coralnet.ucsd.edu/source/3555/,No,3,1,NA,TRUE,TRUE
3559,cb5,99,2650,52,10/16/2022,10/26/2022,64,efficientnet_b0_ver1,100,10/26/2022,0,0,SIO,blargh,https://coralnet.ucsd.edu/source/3559/,No,3,1,NA,TRUE,TRUE
3567,Tonga_2022-08 & Samoa_2022-09 & Samoa_2019-12 & Samoa_2017-12,6959,302450,105,10/19/2022,3/7/2024,75,efficientnet_b0_ver1,5370,3/6/2023,-19,-174.7,SIO,Photoquadrats from SIO/Waitt Institute/VEPA August 2022 Tonga and SIO/Waitt Institute/Samoa expeditions,https://coralnet.ucsd.edu/source/3567/,No,3,1,NA,TRUE,TRUE
3573,maldives_bbb6,1000,33800,63,10/23/2022,10/23/2022,75,efficientnet_b0_ver1,1000,10/23/2022,0,0,SIO,s,https://coralnet.ucsd.edu/source/3573/,Yes,3,2,Only two photos are good: 3043419 and 3043420,TRUE,TRUE
3574,micro_bbb5,200,4980,56,10/24/2022,10/24/2022,70,efficientnet_b0_ver1,200,10/24/2022,0,0,SIO,sa,https://coralnet.ucsd.edu/source/3574/,No,2,1,NA,TRUE,TRUE
3577,WAPA RFI,5411,270550,56,10/24/2022,8/6/2024,89,efficientnet_b0_ver1,3826,6/6/2024,13.421129,144.73972,National Park Service,"Benthic image annotation of reef flats at War in the Pacific National Historical Park in Guam, USA. Focus is on coral & algae to the lowest feasible taxonomic classification.",https://coralnet.ucsd.edu/source/3577/,No,3,0,No corals,TRUE,TRUE
3583,malagain,200,6675,48,10/27/2022,10/28/2022,77,efficientnet_b0_ver1,200,10/28/2022,0,0,SIO,argh,https://coralnet.ucsd.edu/source/3583/,No,3,1,NA,TRUE,TRUE
3606,Penida benthic surveys,3415,85375,68,11/12/2022,1/28/2026,69,efficientnet_b0_ver1,2901,1/18/2026,-8.674381,115.513126,Indo ocean project,"benthic community composition of nusa penida mpa, indonesia",https://coralnet.ucsd.edu/source/3606/,No,3,1,NA,TRUE,TRUE
3692,Bira benthic survey,2110,52750,80,1/22/2023,1/12/2026,66,efficientnet_b0_ver1,1862,7/3/2025,-8,115,Indo Ocean Project,bira project,https://coralnet.ucsd.edu/source/3692/,No,3,1,NA,TRUE,TRUE
3697,"French Polynesia SEA Reef Surveys, 2016-2023",1049,52450,31,1/25/2023,6/11/2023,82,efficientnet_b0_ver1,816,6/1/2023,-14.977,-147.633,Sea Education Association,Collection of Sea Education Association (SEA) reef survey images from 2016-2023. The source represents the work of a master level thesis for IMBRSea.,https://coralnet.ucsd.edu/source/3697/,No,3,1,NA,TRUE,TRUE
3932,STINAPA GCRMN,1795,44875,43,4/6/2023,1/27/2026,80,efficientnet_b0_ver1,1096,7/7/2025,12.20076,-68.30449,STINAPA Bonaire,Analyzing frames for benthic cover of coral reef sites,https://coralnet.ucsd.edu/source/3932/,No,3,1,NA,TRUE,TRUE
4007,WAPA CoralNet Training,331,16550,53,5/2/2023,5/19/2025,85,efficientnet_b0_ver1,143,4/1/2024,13.444304,144.793732,National Park Service,"This source contains a training set of photos for interns, volunteers, and staff at War in the Pacific National Historical Park.",https://coralnet.ucsd.edu/source/4007/,No,3,1,NA,TRUE,TRUE
4009,OG_DAR_Kona_FAHU_Benthic,1590,666000,42,5/2/2023,1/28/2026,85,efficientnet_b0_ver1,1291,9/11/2025,19.647369,-155.993011,DAR Kona,Photogrammetry annotation of benthic habitats,https://coralnet.ucsd.edu/source/4009/,No,3,1,The photos are either have no corals or too far,TRUE,TRUE
4091,Little Cayman MarineGEO,463,18520,68,5/19/2023,10/10/2024,69,efficientnet_b0_ver1,192,9/19/2023,19.69,-80.07,MarineGEO,Cover transects from Little Cayman coral disease project.,https://coralnet.ucsd.edu/source/4091/,No,2,1,NA,TRUE,TRUE
4148,BTS_DEF,7133,154250,77,6/6/2023,12/18/2025,77,efficientnet_b0_ver1,5746,7/28/2023,-12.7,-38.5,Universidade Federal da Bahia,Definitivo,https://coralnet.ucsd.edu/source/4148/,No,2,2,Blurry photos,TRUE,TRUE
4209,BlackSea_infralittoral,252,25080,41,7/7/2023,1/5/2026,64,efficientnet_b0_ver1,247,11/12/2024,42.42,27.7,IBER-BAS,Black sea infralittoral benthic macroalgal and macroinvertebrate communities datasets.,https://coralnet.ucsd.edu/source/4209/,No,2,0,No corals,TRUE,TRUE
4250,Chao Jing Park Surveys æ½®å¢ƒå…¬åœ’èª¿æŸ¥,1428,71400,68,7/25/2023,10/15/2023,70,efficientnet_b0_ver1,708,8/31/2023,25.144541,121.80488,National Taiwan Ocean University,"Survey 4 sites in ChaoJing Park, Keelung (æ½®å¢ƒå…¬åœ’ï¼ŒåŸºéš†). At each site, image along three 30m-long transects. One image taken every 50cm; frame dimensions 35cm x 35cm.",https://coralnet.ucsd.edu/source/4250/,No,2,2,NA,TRUE,TRUE
4292,Laura - Intertidal winter surveys 14/08,863,21575,51,8/16/2023,10/23/2023,56,efficientnet_b0_ver1,863,10/23/2023,-41.3350767,174.8279996,VUW,"Lauras project
Intertidal winter surveys start 14/08/23
Wellington Area",https://coralnet.ucsd.edu/source/4292/,No,4,0,No corals and above water,TRUE,TRUE
4310,BECRC_reef_monitoring,241,7145,35,8/24/2023,8/8/2024,64,efficientnet_b0_ver1,241,8/8/2024,-43.019132,147.3325,IMAS,Photo quadrats taken along 50m transect lines on reef adjacent to experimental kelp farm,https://coralnet.ucsd.edu/source/4310/,No,3,0,"No corals, only kelp",TRUE,TRUE
4342,Eilat corals,464,29696,94,9/12/2023,3/22/2024,75,efficientnet_b0_ver1,464,3/22/2024,29.3,34.54,marag,Coral research by Tamar,https://coralnet.ucsd.edu/source/4342/,Yes,4,3,But the photos are a bit too far,TRUE,TRUE
4354,Rocky Reef Biodiversity Survey: Nuevo Gulf_AI,164,16400,46,9/15/2023,9/16/2023,88,efficientnet_b0_ver1,163,9/17/2023,-42.710472,-64.5618,IBIOMAR-CONICET,Benthic survey in rocky reefs from Nuevo Gulf using 25 x 25 cm photoquadrats. This project is part of Gonzalo Bravo PhD and supported by ProyectoSub Foundation (https://www.proyectosub.org.ar/),https://coralnet.ucsd.edu/source/4354/,No,3,0,No corals,TRUE,TRUE
4451,Kimbe Bay study,511,10220,40,10/23/2023,11/13/2023,72,efficientnet_b0_ver1,282,11/8/2023,5.1667,150.5,University of Bristol,Studying coral reef identification in Kimbe bay,https://coralnet.ucsd.edu/source/4451/,Yes,4,3,NA,TRUE,TRUE