idx,source_id,labelset,metadata,annotations,image_list
0,23,True,True,True,True
1,57,True,True,True,True
2,69,True,False,True,True
3,70,True,True,True,True
4,82,True,False,True,True
5,109,True,True,True,True
6,155,True,True,True,True
7,172,True,True,True,True
8,173,True,True,True,True
9,174,True,True,True,True
10,258,True,True,True,True
11,290,True,True,True,True
12,295,True,True,True,True
13,299,True,False,True,True
14,307,True,True,True,True
15,350,True,True,True,True
16,372,True,True,True,True
17,373,True,True,True,True
18,376,True,True,True,True
19,428,True,False,True,True
20,450,True,True,True,True
21,466,True,True,True,True
22,503,True,True,True,True
23,546,True,True,True,True
24,554,True,True,True,True
25,580,True,True,True,True
26,616,True,True,True,True
27,620,True,True,True,True
28,648,True,True,True,True
29,665,False,False,False,False
30,683,True,True,True,True
31,697,False,False,False,False
32,747,True,False,True,True
33,793,True,True,True,True
34,800,True,True,True,True
35,841,True,True,True,True
36,842,True,True,True,True
37,843,True,True,True,True
38,921,True,True,True,True
39,950,False,False,False,False
40,958,True,True,True,True
41,1073,True,True,True,True
42,1076,True,True,True,True
43,1162,True,False,True,True
44,1184,True,True,True,True
45,1189,True,False,True,True
46,1212,True,False,True,True
47,1264,True,False,True,True
48,1265,True,False,True,True
49,1266,True,False,True,True
50,1268,True,False,True,True
51,1269,True,False,True,True
52,1270,True,False,True,True
53,1271,True,False,True,True
54,1272,True,False,True,True
55,1273,True,False,True,True
56,1274,True,False,True,True
57,1276,True,False,True,True
58,1277,True,False,True,True
59,1288,True,True,True,True
60,1294,True,False,True,True
61,1300,True,True,True,True
62,1301,True,True,True,True
63,1304,True,True,True,True
64,1308,True,True,True,True
65,1353,True,False,True,True
66,1356,True,False,True,True
67,1357,True,True,True,True
68,1358,True,True,True,True
69,1360,True,True,True,True
70,1368,True,True,True,True
71,1388,True,True,True,True
72,1432,True,True,True,True
73,1440,True,True,True,True
74,1514,True,False,False,False
75,1519,True,True,True,True
76,1532,False,False,False,False
77,1545,True,False,True,True
78,1546,True,True,True,True
79,1554,True,False,True,True
80,1556,False,False,False,False
81,1577,True,False,True,True
82,1578,True,True,True,True
83,1579,True,True,True,True
84,1580,True,True,True,True
85,1588,True,True,True,True
86,1598,False,False,False,False
87,1622,True,True,True,True
88,1634,False,False,False,False
89,1642,True,True,True,True
90,1645,True,True,True,True
91,1653,True,False,True,True
92,1655,True,True,True,True
93,1669,True,False,True,True
94,1686,True,True,True,True
95,1695,True,True,True,True
96,1718,True,True,True,True
97,1724,True,True,True,True
98,1725,True,True,True,True
99,1745,True,True,True,True
100,1749,True,True,True,True
101,1767,True,True,True,True
102,1768,True,False,True,True
103,1771,False,False,False,False
104,1773,True,False,True,True
105,1776,True,True,True,True
106,1781,True,True,True,True
107,1783,True,True,True,True
108,1789,True,False,True,True
109,1810,False,False,False,False
110,1821,True,False,True,True
111,1822,True,False,True,True
112,1826,True,True,True,True
113,1831,True,False,True,True
114,1832,True,True,True,True
115,1835,True,True,True,True
116,1848,True,True,True,True
117,1895,True,True,True,True
118,1900,True,True,True,True
119,1933,True,True,True,True
120,1940,True,True,True,True
121,1944,True,True,True,True
122,1968,True,True,True,True
123,1970,True,True,True,True
124,1972,True,True,True,True
125,1981,True,True,True,True
126,1982,True,True,True,True
127,1983,True,True,True,True
128,1986,True,False,True,True
129,1987,False,False,False,False
130,1988,True,True,True,True
131,1989,True,True,True,True
132,1990,True,True,True,True
133,1991,False,False,False,False
134,1998,False,False,False,False
135,2001,True,False,True,True
136,2030,True,True,True,True
137,2043,True,False,True,True
138,2044,True,False,True,True
139,2048,True,True,True,True
140,2050,True,False,True,True
141,2052,True,True,True,True
142,2055,True,True,True,True
143,2064,True,True,True,True
144,2070,True,True,True,True
145,2074,True,True,True,True
146,2083,True,True,True,True
147,2084,True,False,True,True
148,2088,True,True,True,True
149,2091,True,True,True,True
150,2112,True,True,True,True
151,2120,True,True,True,True
152,2121,True,False,True,True
153,2122,True,False,True,True
154,2123,True,False,True,True
155,2124,True,False,True,True
156,2125,False,False,False,False
157,2127,False,False,False,False
158,2130,True,True,True,True
159,2131,True,True,True,True
160,2152,True,False,True,True
161,2153,True,False,True,True
162,2159,True,True,True,True
163,2162,True,True,True,True
164,2170,True,True,True,True
165,2172,True,True,True,True
166,2180,True,True,True,True
167,2190,True,True,True,True
168,2194,True,True,True,True
169,2200,True,True,True,True
170,2208,True,True,True,True
171,2211,True,True,True,True
172,2221,True,True,True,True
173,2222,False,False,False,False
174,2236,True,True,True,True
175,2238,True,False,True,True
176,2239,True,True,True,True
177,2246,False,False,False,False
178,2258,True,True,True,True
179,2262,True,False,True,True
180,2263,True,False,True,True
181,2268,True,True,True,True
182,2274,True,True,True,True
183,2278,True,False,True,True
184,2282,True,True,True,True
185,2286,True,True,True,True
186,2294,True,True,True,True
187,2297,True,True,True,True
188,2307,True,False,True,True
189,2311,True,True,True,True
190,2315,True,True,True,True
191,2324,True,True,True,True
192,2336,False,False,False,False
193,2337,True,True,True,True
194,2371,True,False,True,True
195,2374,True,True,True,True
196,2379,True,True,True,True
197,2414,True,True,True,True
198,2416,False,False,False,False
199,2438,False,False,False,False
200,2453,True,False,True,True
201,2454,False,False,False,False
202,2455,False,False,False,False
203,2456,True,False,True,True
204,2457,True,False,True,True
205,2464,True,True,True,True
206,2472,False,False,False,False
207,2480,True,True,True,True
208,2498,True,False,True,True
209,2511,False,False,False,False
210,2528,True,True,True,True
211,2544,True,True,True,True
212,2557,False,False,False,False
213,2562,True,True,True,True
214,2565,True,True,True,True
215,2614,False,False,False,False
216,2615,True,True,True,True
217,2616,True,True,True,True
218,2655,True,True,True,True
219,2667,True,True,True,True
220,2671,True,False,True,True
221,2672,True,True,True,True
222,2673,False,False,False,False
223,2674,True,False,True,True
224,2678,False,False,False,False
225,2682,True,True,True,True
226,2687,True,False,True,True
227,2694,True,False,True,True
228,2701,True,False,True,True
229,2707,True,True,True,True
230,2715,True,True,True,True
231,2716,True,True,True,True
232,2720,True,True,True,True
233,2722,True,True,True,True
234,2728,False,False,False,False
235,2729,False,False,False,False
236,2731,True,False,True,True
237,2733,True,True,True,True
238,2744,True,True,True,True
239,2747,True,True,True,True
240,2751,True,False,True,True
241,2757,True,True,True,True
242,2759,True,True,True,True
243,2762,True,True,True,True
244,2764,False,False,False,False
245,2765,True,True,True,True
246,2770,True,True,True,True
247,2779,True,True,True,True
248,2780,True,True,True,True
249,2781,True,True,True,True
250,2782,True,False,True,True
251,2795,True,True,True,True
252,2798,True,False,True,True
253,2799,True,True,True,True
254,2803,True,True,True,True
255,2806,False,False,False,False
256,2808,True,True,True,True
257,2817,True,False,True,True
258,2818,False,False,False,False
259,2819,True,False,True,True
260,2820,True,True,True,True
261,2821,True,True,True,True
262,2822,True,True,True,True
263,2823,True,True,True,True
264,2824,True,True,True,True
265,2825,True,True,True,True
266,2829,True,True,True,True
267,2830,True,True,True,True
268,2835,False,False,False,False
269,2836,True,False,True,True
270,2837,True,True,True,True
271,2847,True,False,True,True
272,2855,True,True,True,True
273,2856,True,False,True,True
274,2857,True,False,True,True
275,2858,True,True,True,True
276,2859,True,True,True,True
277,2860,True,True,True,True
278,2861,True,True,True,True
279,2862,True,True,True,True
280,2863,True,True,True,True
281,2864,True,True,True,True
282,2865,True,True,True,True
283,2866,True,True,True,True
284,2867,True,True,True,True
285,2868,True,True,True,True
286,2870,True,False,True,True
287,2871,False,False,False,False
288,2872,False,False,False,False
289,2873,True,True,True,True
290,2874,True,True,True,True
291,2882,True,True,True,True
292,2897,True,True,True,True
293,2898,True,False,True,True
294,2903,True,True,True,True
295,2911,True,True,True,True
296,2914,True,True,True,True
297,2922,True,True,True,True
298,2938,True,False,True,True
299,2947,True,True,True,True
300,2955,True,True,True,True
301,2959,True,True,True,True
302,2960,True,True,True,True
303,2969,True,True,True,True
304,2970,False,False,False,False
305,2971,True,True,True,True
306,2978,True,True,True,True
307,2990,False,False,False,False
308,2991,True,True,True,True
309,2995,True,True,True,True
310,3004,True,True,True,True
311,3006,False,False,False,False
312,3007,True,False,True,True
313,3008,True,True,True,True
314,3010,True,False,True,True
315,3011,True,True,True,True
316,3012,True,False,True,True
317,3013,True,False,True,True
318,3015,True,True,True,True
319,3018,True,False,True,True
320,3028,True,True,True,True
321,3032,True,False,True,True
322,3046,True,True,True,True
323,3054,True,True,True,True
324,3058,True,True,True,True
325,3060,True,True,True,True
326,3061,True,True,True,True
327,3063,True,True,True,True
328,3064,True,True,True,True
329,3068,False,False,False,False
330,3069,True,True,True,True
331,3072,True,False,True,True
332,3074,True,False,True,True
333,3075,True,True,True,True
334,3076,True,True,True,True
335,3077,True,True,True,True
336,3078,True,True,True,True
337,3079,True,True,True,True
338,3080,True,True,True,True
339,3081,True,True,True,True
340,3082,True,False,True,True
341,3083,True,True,True,True
342,3084,True,True,True,True
343,3085,True,False,True,True
344,3086,True,False,True,True
345,3087,True,False,True,True
346,3088,True,False,True,True
347,3089,True,True,True,True
348,3090,False,False,False,False
349,3091,True,True,True,True
350,3092,True,False,True,True
351,3093,True,True,True,True
352,3094,True,True,True,True
353,3095,True,True,True,True
354,3096,True,False,True,True
355,3097,True,False,True,True
356,3098,True,False,True,True
357,3099,True,False,True,True
358,3100,True,False,True,True
359,3101,False,False,False,False
360,3102,True,False,True,True
361,3103,True,False,True,True
362,3111,True,False,True,True
363,3119,True,False,True,True
364,3120,True,False,True,True
365,3121,True,False,True,True
366,3122,True,False,True,True
367,3133,True,False,True,True
368,3135,True,False,True,True
369,3137,True,True,True,True
370,3138,True,True,True,True
371,3140,False,False,False,False
372,3156,True,True,True,True
373,3171,True,False,True,True
374,3172,True,True,True,True
375,3173,True,False,True,True
376,3177,True,False,True,True
377,3178,False,False,False,False
378,3180,True,False,True,True
379,3191,True,False,True,True
380,3204,False,False,False,False
381,3205,True,True,True,True
382,3207,True,False,True,True
383,3213,True,False,True,True
384,3220,False,False,False,False
385,3237,True,False,True,True
386,3241,True,True,True,True
387,3249,True,True,True,True
388,3257,True,False,True,True
389,3263,True,True,True,True
390,3269,True,False,True,True
391,3271,True,False,True,True
392,3273,False,False,False,False
393,3276,True,False,True,True
394,3284,False,False,False,False
395,3290,True,True,True,True
396,3294,True,False,True,True
397,3295,True,True,True,True
398,3298,True,True,True,True
399,3299,True,True,True,True
400,3300,True,True,True,True
401,3305,True,True,True,True
402,3307,True,False,True,True
403,3327,True,True,True,True
404,3329,True,False,True,True
405,3342,True,True,False,False
406,3346,True,True,True,True
407,3349,True,True,True,True
408,3350,True,True,True,True
409,3351,True,False,True,True
410,3354,True,True,False,False
411,3357,True,True,True,True
412,3361,True,True,False,False
413,3362,True,True,True,True
414,3363,True,True,True,True
415,3365,True,True,True,True
416,3366,True,True,True,True
417,3368,True,True,True,True
418,3371,True,True,True,True
419,3373,True,True,True,True
420,3374,True,True,True,True
421,3375,True,True,True,True
422,3376,True,True,True,True
423,3377,True,True,True,True
424,3378,True,True,True,True
425,3379,True,True,True,True
426,3383,True,True,True,True
427,3393,False,False,False,False
428,3396,True,True,True,True
429,3401,True,True,True,True
430,3402,True,True,True,True
431,3406,True,True,True,True
432,3409,False,False,False,False
433,3410,True,False,True,True
434,3411,True,True,True,True
435,3412,True,True,True,True
436,3413,True,True,True,True
437,3414,True,True,True,True
438,3415,True,True,True,True
439,3416,True,True,True,True
440,3417,True,True,True,True
441,3418,True,True,True,True
442,3419,True,True,True,True
443,3420,True,True,True,True
444,3421,True,True,True,True
445,3424,True,True,True,True
446,3425,True,True,True,True
447,3438,True,True,True,True
448,3439,True,True,True,True
449,3440,True,True,True,True
450,3441,True,True,True,True
451,3442,True,True,True,True
452,3443,True,True,True,True
453,3444,True,True,True,True
454,3446,True,True,True,True
455,3449,True,False,True,True
456,3456,True,False,True,True
457,3460,True,True,True,True
458,3465,True,True,True,True
459,3466,True,True,True,True
460,3467,True,True,True,True
461,3468,True,False,True,True
462,3470,True,False,True,True
463,3472,True,False,True,True
464,3475,False,False,False,False
465,3478,True,True,True,True
466,3479,True,True,True,True
467,3480,True,True,True,True
468,3481,True,True,True,True
469,3482,False,False,False,False
470,3483,True,True,True,True
471,3484,True,False,True,True
472,3485,False,False,False,False
473,3486,True,True,True,True
474,3487,False,False,False,False
475,3488,True,True,True,True
476,3489,True,True,True,True
477,3490,False,False,False,False
478,3491,True,True,True,True
479,3492,True,True,True,True
480,3493,True,True,True,True
481,3494,True,True,True,True
482,3496,True,True,True,True
483,3497,True,True,True,True
484,3498,True,True,True,True
485,3499,True,True,True,True
486,3500,True,True,True,True
487,3505,False,False,False,False
488,3508,True,True,True,True
489,3519,True,True,True,True
490,3520,True,True,True,True
491,3522,True,True,True,True
492,3528,True,False,True,True
493,3530,True,False,True,True
494,3531,True,False,True,True
495,3533,True,False,True,True
496,3534,True,False,True,True
497,3535,True,False,True,True
498,3536,True,False,True,True
499,3537,True,False,True,True
500,3545,True,True,True,True
501,3546,True,True,True,True
502,3550,False,False,False,False
503,3551,True,True,True,True
504,3552,False,False,False,False
505,3554,True,True,True,True
506,3555,True,True,True,True
507,3559,True,True,True,True
508,3560,True,True,True,True
509,3565,True,False,True,True
510,3567,True,True,True,True
511,3569,True,False,True,True
512,3572,False,False,False,False
513,3573,True,True,True,True
514,3574,True,True,True,True
515,3576,False,False,False,False
516,3577,True,True,True,True
517,3581,True,True,True,True
518,3583,True,True,True,True
519,3588,True,True,True,True
520,3589,True,True,True,True
521,3606,True,True,True,True
522,3611,True,True,True,True
523,3627,True,False,True,True
524,3634,True,False,True,True
525,3637,True,False,True,True
526,3653,True,True,True,True
527,3656,True,True,True,True
528,3663,False,False,False,False
529,3666,True,False,True,True
530,3680,True,False,True,True
531,3681,True,True,True,True
532,3684,False,False,False,False
533,3685,True,True,True,True
534,3686,True,False,True,True
535,3688,True,False,True,True
536,3689,True,True,True,True
537,3692,True,True,True,True
538,3697,True,True,True,True
539,3704,True,True,True,True
540,3705,True,False,True,True
541,3706,False,False,False,False
542,3719,True,True,True,True
543,3722,True,True,True,True
544,3728,False,False,False,False
545,3735,True,False,True,True
546,3737,True,True,True,True
547,3746,False,False,False,False
548,3749,True,False,True,True
549,3752,True,False,True,True
550,3765,True,False,True,True
551,3768,True,True,True,True
552,3771,True,True,True,True
553,3773,True,True,True,True
554,3774,False,False,False,False
555,3776,True,True,True,True
556,3777,True,True,True,True
557,3785,True,True,True,True
558,3787,True,False,True,True
559,3791,True,False,True,True
560,3792,True,False,True,True
561,3793,False,False,False,False
562,3794,True,False,True,True
563,3795,False,False,False,False
564,3796,False,False,False,False
565,3797,True,False,True,True
566,3798,False,False,False,False
567,3799,True,True,True,True
568,3800,True,True,True,True
569,3801,True,True,True,True
570,3803,True,False,True,True
571,3804,True,False,True,True
572,3805,True,False,True,True
573,3806,True,False,True,True
574,3807,True,True,True,True
575,3816,False,False,False,False
576,3818,False,False,False,False
577,3831,True,True,True,True
578,3833,True,False,True,True
579,3834,False,False,False,False
580,3835,False,False,False,False
581,3836,True,True,True,True
582,3837,True,True,True,True
583,3838,True,True,True,True
584,3839,True,False,True,True
585,3840,True,True,True,True
586,3841,True,True,True,True
587,3842,True,False,True,True
588,3843,True,False,True,True
589,3844,True,False,True,True
590,3848,True,True,True,True
591,3857,True,True,True,True
592,3859,True,False,True,True
593,3862,True,False,True,True
594,3863,True,False,True,True
595,3865,True,False,True,True
596,3866,True,False,True,True
597,3867,True,False,True,True
598,3871,True,True,True,True
599,3882,True,True,True,True
600,3883,True,False,True,True
601,3884,True,False,True,True
602,3891,True,True,True,True
603,3893,True,True,True,True
604,3894,True,False,True,True
605,3895,True,False,True,True
606,3896,True,False,True,True
607,3906,True,True,True,True
608,3907,False,False,False,False
609,3911,False,False,False,False
610,3912,False,False,False,False
611,3922,True,True,True,True
612,3928,True,False,True,True
613,3929,True,False,True,True
614,3930,True,True,True,True
615,3931,True,False,True,True
616,3932,True,True,True,True
617,3933,True,False,True,True
618,3934,True,False,True,True
619,3945,True,False,True,True
620,3948,True,True,True,True
621,3949,True,True,True,True
622,3956,True,False,True,True
623,3962,True,False,True,True
624,3966,True,False,True,True
625,3975,True,True,True,True
626,3978,True,True,True,True
627,3984,True,True,True,True
628,3985,True,True,True,True
629,3988,True,True,True,True
630,3989,True,True,True,True
631,3996,True,True,True,True
632,4007,True,True,True,True
633,4009,True,True,True,True
634,4015,True,False,True,True
635,4016,True,False,True,True
636,4017,True,False,True,True
637,4018,True,False,True,True
638,4020,True,False,True,True
639,4021,True,False,True,True
640,4022,True,False,True,True
641,4027,False,False,False,False
642,4028,True,True,True,True
643,4029,True,False,True,True
644,4043,True,False,True,True
645,4049,True,True,True,True
646,4050,False,False,False,False
647,4063,True,True,True,True
648,4084,True,False,True,True
649,4085,True,False,True,True
650,4088,True,True,True,True
651,4091,True,True,True,True
652,4104,True,True,True,True
653,4121,True,False,True,True
654,4122,True,True,True,True
655,4124,True,True,True,True
656,4128,True,True,True,True
657,4145,False,False,False,False
658,4148,True,True,True,True
659,4159,True,True,True,True
660,4160,False,False,False,False
661,4161,False,False,False,False
662,4167,True,False,True,True
663,4168,True,True,True,True
664,4175,False,False,False,False
665,4176,False,False,False,False
666,4188,False,False,False,False
667,4191,True,False,True,True
668,4204,False,False,False,False
669,4205,True,True,True,True
670,4206,True,True,True,True
671,4209,True,True,True,True
672,4223,True,False,True,True
673,4229,True,True,True,True
674,4235,True,True,True,True
675,4246,True,True,True,True
676,4250,True,True,True,True
677,4251,True,True,True,True
678,4252,True,False,True,True
679,4254,True,True,True,True
680,4261,False,False,False,False
681,4265,False,False,False,False
682,4280,True,True,True,True
683,4281,True,False,True,True
684,4282,True,True,True,True
685,4284,True,False,True,True
686,4285,True,True,True,True
687,4286,True,True,True,True
688,4287,False,False,False,False
689,4288,True,False,True,True
690,4290,True,False,True,True
691,4291,True,True,True,True
692,4292,True,True,True,True
693,4297,True,False,True,True
694,4300,True,False,True,True
695,4301,True,True,True,True
696,4302,True,True,True,True
697,4303,False,False,False,False
698,4304,False,False,False,False
699,4308,False,False,False,False
700,4310,True,True,True,True
701,4311,True,True,True,True
702,4313,True,True,True,True
703,4336,True,True,True,True
704,4338,True,False,True,True
705,4339,False,False,False,False
706,4341,True,True,True,True
707,4342,True,True,True,True
708,4353,True,True,True,True
709,4354,True,True,True,True
710,4356,True,True,True,True
711,4364,True,True,True,True
712,4365,True,False,True,True
713,4368,False,False,False,False
714,4369,False,False,False,False
715,4371,False,False,False,False
716,4372,True,False,True,True
717,4385,False,False,False,False
718,4389,False,False,False,False
719,4390,True,True,True,True
720,4391,True,True,True,True
721,4402,True,True,True,True
722,4403,True,True,True,True
723,4404,True,True,True,True
724,4411,True,True,True,True
725,4413,True,False,True,True
726,4417,True,False,True,True
727,4421,True,False,True,True
728,4430,True,True,True,True
729,4435,True,True,True,True
730,4437,True,False,True,True
731,4446,True,False,True,True
732,4447,True,True,True,True
733,4451,True,True,True,True
734,4472,True,False,True,True
735,4476,True,True,True,True
736,4477,False,False,False,False
737,4478,False,False,False,False
738,4479,False,False,False,False
739,4480,False,False,False,False
740,4481,False,False,False,False
741,4482,True,True,True,True
742,4483,True,True,True,True
743,4484,False,False,False,False
744,4485,True,False,True,True
745,4486,True,False,True,True
746,4487,True,True,True,True
747,4488,False,False,False,False
748,4489,True,False,True,True
749,4490,False,False,False,False
750,4491,False,False,False,False
751,4492,True,False,True,True
752,4493,False,False,False,False
753,4494,True,False,True,True
754,4495,True,True,True,True
755,4496,True,False,True,True
756,4497,True,False,True,True
757,4498,True,False,True,True
758,4499,False,False,False,False
759,4500,True,False,True,True
760,4501,True,False,True,True
761,4503,True,False,True,True
762,4505,True,False,True,True
763,4506,True,True,True,True
764,4513,False,False,False,False
765,4514,True,True,True,True
766,4516,False,False,False,False
767,4517,True,True,True,True
768,4518,True,False,True,True
769,4519,True,True,True,True
770,4520,True,False,True,True
771,4521,False,False,False,False
772,4522,False,False,False,False
773,4523,True,False,True,True
774,4524,False,False,False,False
775,4528,True,False,True,True
776,4530,False,False,False,False
777,4531,True,False,True,True
778,4532,True,True,True,True
779,4559,True,True,True,True
780,4576,True,False,True,True
781,4578,True,False,True,True
782,4584,True,True,True,True
783,4588,False,False,False,False
784,4591,False,False,False,False
785,4592,False,False,False,False
786,4596,True,True,True,True
787,4603,True,True,True,True
788,4614,True,True,True,True
789,4638,True,True,True,True
790,4639,True,True,True,True
791,4646,True,True,True,True
792,4651,True,False,True,True
793,4653,True,False,True,True
794,4659,True,True,True,True
795,4660,False,False,False,False
796,4664,True,False,True,True
797,4667,False,False,False,False
798,4668,False,False,False,False
799,4671,True,True,True,True
800,4672,True,True,True,True
801,4675,True,True,True,True
802,4677,True,False,True,True
803,4679,True,True,True,True
804,4681,True,True,True,True
805,4684,False,False,False,False
806,4688,True,False,True,True
807,4691,True,True,True,True
808,4692,True,True,True,True
809,4710,True,True,True,True
810,4712,False,False,False,False
811,4715,True,True,True,True
812,4716,True,True,True,True
813,4717,True,True,True,True
814,4718,True,True,True,True
815,4719,True,True,True,True
816,4720,True,True,True,True
817,4721,True,True,True,True
818,4724,True,True,True,True
819,4725,True,True,True,True
820,4726,True,True,True,True
821,4727,False,False,False,False
822,4732,True,True,True,True
823,4733,True,True,True,True
824,4734,True,True,True,True
825,4735,True,True,True,True
826,4750,True,False,True,True
827,4752,True,False,True,True
828,4754,True,False,True,True
829,4758,True,True,True,True
830,4759,True,True,True,True
831,4761,True,True,True,True
832,4765,True,False,True,True
833,4767,True,True,True,True
834,4768,True,False,True,True
835,4770,True,False,True,True
836,4771,False,False,False,False
837,4772,True,True,True,True
838,4779,True,True,True,True
839,4782,True,False,True,True
840,4789,True,True,True,True
841,4790,False,False,False,False
842,4795,True,True,True,True
843,4810,True,True,True,True
844,4811,True,True,True,True
845,4816,True,True,True,True
846,4835,False,False,False,False
847,4838,False,False,False,False
848,4840,True,False,True,True
849,4843,False,False,False,False
850,4851,True,True,True,True
851,4853,False,False,False,False
852,4858,True,True,True,True
853,4861,True,True,True,True
854,4862,True,True,True,True
855,4874,True,False,True,True
856,4878,True,True,True,True
857,4882,True,True,True,True
858,4890,True,True,True,True
859,4892,True,False,True,True
860,4893,True,False,True,True
861,4895,True,True,True,True
862,4897,True,False,True,True
863,4902,True,False,True,True
864,4904,True,True,True,True
865,4906,True,True,True,True
866,4909,True,True,True,True
867,4915,True,True,True,True
868,4918,True,False,True,True
869,4919,True,True,True,True
870,4925,False,False,False,False
871,4926,False,False,False,False
872,4934,True,False,True,True
873,4937,True,False,True,True
874,4948,True,True,True,True
875,4949,True,True,True,True
876,4951,False,False,False,False
877,4952,True,True,True,True
878,4954,False,False,False,False
879,4957,True,True,True,True
880,4963,True,True,True,True
881,4964,True,True,True,True
882,4966,True,True,True,True
883,4969,False,False,False,False
884,4971,True,True,True,True
885,4976,True,True,True,True
886,4981,True,False,True,True
887,4982,True,True,True,True
888,4986,True,True,True,True
889,4987,True,True,True,True
890,4988,True,True,True,True
891,4992,True,True,True,True
892,4993,True,True,True,True
893,4995,True,True,True,True
894,4996,True,True,True,True
895,4997,True,True,True,True
896,4999,True,True,True,True
897,5000,True,True,True,True
898,5001,True,True,True,True
899,5004,True,False,True,True
900,5005,True,True,True,True
901,5013,True,True,False,False
902,5016,True,True,True,True
903,5018,True,True,True,True
904,5019,True,True,True,True
905,5023,True,True,True,True
906,5024,True,True,True,True
907,5026,True,True,True,True
908,5027,True,True,True,True
909,5035,True,False,True,True
910,5036,False,False,False,False
911,5041,True,False,True,True
912,5057,True,False,True,True
913,5059,False,False,False,False
914,5062,True,True,True,True
915,5065,True,True,True,True
916,5066,True,True,True,True
917,5067,True,True,True,True
918,5068,True,True,True,True
919,5069,True,True,True,True
920,5072,False,False,False,False
921,5073,True,True,True,True
922,5086,True,True,True,True
923,5087,True,True,True,True
924,5094,True,False,True,True
925,5095,True,False,True,True
926,5100,True,True,True,True
927,5101,True,True,True,True
928,5102,True,True,True,True
929,5103,True,False,True,True
930,5104,True,True,True,True
931,5118,True,True,True,True
932,5119,True,True,True,True
933,5120,True,True,True,True
934,5121,True,False,True,True
935,5130,True,True,True,True
936,5131,True,True,True,True
937,5132,True,True,True,True
938,5135,True,False,True,True
939,5149,True,True,True,True
940,5155,True,True,True,True
941,5180,True,False,True,True
942,5181,True,True,True,True
943,5183,True,True,True,True
944,5184,True,True,True,True
945,5185,True,True,True,True
946,5186,True,True,True,True
947,5187,True,True,True,True
948,5188,True,True,True,True
949,5189,True,True,True,True
950,5190,True,True,True,True
951,5191,True,True,True,True
952,5192,True,True,True,True
953,5193,True,True,True,True
954,5194,True,True,True,True
955,5195,True,True,True,True
956,5196,True,True,True,True
957,5197,True,True,True,True
958,5198,True,True,True,True
959,5199,True,True,True,True
960,5200,True,True,True,True
961,5201,True,True,True,True
962,5203,True,True,True,True
963,5204,True,True,True,True
964,5209,True,False,True,True
965,5213,True,True,True,True
966,5215,False,False,False,False
967,5216,True,False,True,True
968,5218,True,True,True,True
969,5221,True,True,True,True
970,5222,False,False,False,False
971,5223,True,True,True,True
972,5227,True,True,True,True
973,5233,True,True,True,True
974,5239,True,False,True,True
975,5252,True,True,True,True
976,5253,True,False,True,True
977,5255,True,True,True,True
978,5258,True,True,True,True
979,5262,True,False,True,True
980,5268,True,False,True,True
981,5278,True,False,True,True
982,5288,True,False,True,True
983,5291,False,False,False,False
984,5292,False,False,False,False
985,5293,False,False,False,False
986,5294,False,False,False,False
987,5300,False,False,False,False
988,5301,False,False,False,False
989,5304,True,True,True,True
990,5307,True,False,True,True
991,5308,True,False,True,True
992,5309,True,False,True,True
993,5310,True,False,True,True
994,5315,True,True,True,True
995,5316,True,True,True,True
996,5318,True,True,True,True
997,5320,True,False,True,True
998,5324,False,False,False,False
999,5325,True,True,True,True
1000,5326,True,True,True,True
1001,5328,True,True,True,True
1002,5329,True,True,True,True
1003,5331,True,True,True,True
1004,5337,True,False,True,True
1005,5339,True,True,True,True
1006,5341,True,False,True,True
1007,5342,True,True,True,True
1008,5349,True,False,True,True
1009,5351,False,False,False,False
1010,5355,False,False,False,False
1011,5361,False,False,False,False
1012,5363,True,False,True,True
1013,5365,True,True,True,True
1014,5368,False,False,False,False
1015,5369,False,False,False,False
1016,5375,False,False,False,False
1017,5377,True,False,True,True
1018,5378,False,False,False,False
1019,5380,False,False,False,False
1020,5382,True,False,True,True
1021,5383,True,False,True,True
1022,5384,True,True,True,True
1023,5389,False,False,False,False
1024,5390,True,False,True,True
1025,5391,True,True,True,True
1026,5392,True,False,True,True
1027,5393,True,True,True,True
1028,5394,True,True,True,True
1029,5395,True,True,True,True
1030,5398,True,True,True,True
1031,5399,True,True,True,True
1032,5410,False,False,False,False
1033,5411,True,True,True,True
1034,5413,True,True,True,True
1035,5416,True,True,True,True
1036,5417,True,True,True,True
1037,5423,True,False,True,True
1038,5428,True,True,True,True
1039,5436,True,True,True,True
1040,5437,True,True,True,True
1041,5438,True,True,True,True
1042,5439,True,True,True,True
1043,5440,True,True,True,True
1044,5441,True,True,True,True
1045,5444,True,True,True,True
1046,5445,True,True,True,True
1047,5446,True,True,True,True
1048,5449,True,True,True,True
1049,5450,True,True,True,True
1050,5451,True,True,True,True
1051,5453,True,True,True,True
1052,5454,True,True,True,True
1053,5457,True,True,True,True
1054,5458,True,True,True,True
1055,5459,True,True,True,True
1056,5460,True,True,True,True
1057,5461,True,True,True,True
1058,5465,True,True,True,True
1059,5467,True,True,True,True
1060,5468,True,True,True,True
1061,5471,True,True,True,True
1062,5473,True,True,True,True
1063,5474,True,True,True,True
1064,5476,True,True,True,True
1065,5477,True,True,True,True
1066,5479,True,True,True,True
1067,5480,True,True,True,True
1068,5484,True,True,True,True
1069,5491,True,True,True,True
1070,5492,True,True,True,True
1071,5493,True,True,True,True
1072,5494,True,True,True,True
1073,5495,True,True,True,True
1074,5496,True,True,True,True
1075,5497,True,True,True,True
1076,5512,True,False,True,True
1077,5513,True,False,True,True
1078,5521,True,True,True,True
1079,5522,True,False,True,True
1080,5526,False,False,False,False
1081,5528,True,False,True,True
1082,5532,True,False,True,True
1083,5542,True,True,True,True
1084,5543,True,True,True,True
1085,5544,False,False,False,False
1086,5546,True,True,True,True
1087,5549,True,True,True,True
1088,5562,True,True,True,True
1089,5564,True,True,True,True
1090,5570,True,False,True,True
1091,5574,False,False,False,False
1092,5576,True,False,True,True
1093,5577,True,False,True,True
1094,5582,True,True,True,True
1095,5591,True,False,True,True
1096,5593,True,True,True,True
1097,5602,False,False,False,False
1098,5603,True,True,True,True
1099,5609,False,False,False,False
1100,5614,False,False,False,False
1101,5615,False,False,False,False
1102,5637,True,False,True,True
1103,5652,True,True,True,True
1104,5653,True,True,True,True
1105,5657,False,False,False,False
1106,5670,True,True,True,True
1107,5672,True,True,True,True
1108,5674,True,True,True,True
1109,5675,True,True,True,True
1110,5677,False,False,False,False
1111,5678,True,False,True,True
1112,5680,True,False,True,True
1113,5684,True,False,True,True
1114,5688,True,True,True,True
1115,5689,True,True,True,True
1116,5690,True,False,True,True
1117,5691,True,True,True,True
1118,5694,True,True,True,True
1119,5697,False,False,False,False
1120,5699,True,True,True,True
1121,5702,True,False,True,True
1122,5739,True,True,True,True
1123,5745,True,True,True,True
1124,5749,True,False,True,True
1125,5752,True,True,True,True
1126,5755,True,True,True,True
1127,5756,True,True,True,True
1128,5760,True,True,True,True
1129,5761,True,True,True,True
1130,5768,False,False,False,False
1131,5769,True,True,True,True
1132,5774,True,True,True,True
1133,5776,True,False,True,True
1134,5777,True,False,True,True
1135,5781,True,False,True,True
1136,5788,True,True,True,True
1137,5796,True,True,True,True
1138,5808,True,True,True,True
1139,5810,True,True,True,True
1140,5812,True,True,True,True
1141,5813,True,True,True,True
1142,5814,True,True,True,True
1143,5815,True,True,True,True
1144,5817,True,False,True,True
1145,5818,True,False,True,True
1146,5819,True,False,True,True
1147,5820,True,False,True,True
1148,5821,True,False,True,True
1149,5822,True,False,True,True
1150,5823,True,False,True,True
1151,5824,True,False,True,True
1152,5825,True,False,True,True
1153,5826,True,False,True,True
1154,5829,True,False,True,True
1155,5831,True,True,True,True
1156,5835,False,False,False,False
1157,5836,True,True,True,True
1158,5837,True,False,True,True
1159,5838,True,False,True,True
1160,5839,True,False,True,True
1161,5840,True,False,True,True
1162,5847,True,True,True,True
1163,5855,False,False,False,False
1164,5864,True,False,True,True
1165,5874,True,False,True,True
1166,5878,True,False,True,True
1167,5882,True,False,True,True
1168,5883,True,False,True,True
1169,5884,True,False,True,True
1170,5889,True,False,True,True
1171,5900,True,False,True,True
1172,5902,True,True,True,True
1173,5903,True,True,True,True
1174,5908,False,False,False,False
1175,5909,True,True,True,True
1176,5910,True,True,True,True
1177,5911,True,True,True,True
1178,5916,True,False,True,True
1179,5920,False,False,False,False
1180,5923,True,True,True,True
1181,5924,True,False,True,True
1182,5925,True,False,True,True
1183,5926,True,False,True,True
1184,5927,True,False,True,True
1185,5928,True,False,True,True
1186,5929,True,False,True,True
1187,5938,True,False,True,True
1188,5942,True,True,True,True
1189,5947,False,False,False,False
1190,5949,True,False,True,True
1191,5952,True,True,True,True
1192,5953,True,True,True,True
1193,5957,True,True,True,True
1194,5958,True,True,True,True
1195,5959,True,True,True,True
1196,5960,True,True,True,True
1197,5961,True,False,True,True
1198,5967,True,True,True,True
1199,5968,True,True,True,True
1200,5974,False,False,False,False
1201,5976,False,False,False,False
1202,5977,True,True,True,True
1203,5980,True,True,True,True
1204,5981,True,True,True,True
1205,5984,True,True,True,True
1206,5996,True,True,True,True
1207,6003,False,False,False,False
1208,6008,True,True,True,True
1209,6011,False,False,False,False
1210,6014,True,True,True,True
1211,6017,True,True,True,True
1212,6026,True,True,True,True
1213,6029,True,True,True,True
1214,6031,True,False,True,True
1215,6053,True,True,True,True
1216,6054,True,True,True,True
1217,6055,False,False,False,False
1218,6058,False,False,False,False
1219,6059,True,False,True,True
1220,6060,True,False,True,True
1221,6061,True,False,True,True
1222,6067,True,False,True,True
1223,6068,True,True,True,True
1224,6069,True,False,True,True
1225,6071,True,False,True,True
1226,6072,True,False,True,True
1227,6073,True,False,True,True
1228,6074,True,False,True,True
1229,6075,True,False,True,True
1230,6077,True,False,True,True
1231,6078,True,False,True,True
1232,6079,True,False,True,True
1233,6090,False,False,False,False
1234,6091,False,False,False,False
1235,6092,True,False,True,True
1236,6093,False,False,False,False
1237,6105,True,False,True,True
1238,6106,True,False,True,True
1239,6107,True,False,True,True
1240,6108,True,False,True,True
1241,6109,True,False,True,True
1242,6110,True,False,True,True
1243,6111,True,False,True,True
1244,6113,True,False,True,True
1245,6116,True,True,True,True
1246,6118,True,True,True,True
1247,6120,False,False,False,False
1248,6123,True,False,True,True
1249,6124,True,False,True,True
1250,6127,False,False,False,False
1251,6150,True,False,True,True
1252,6153,True,False,True,True
1253,6155,False,False,False,False
1254,6157,True,False,True,True
1255,6158,True,False,True,True
1256,6159,True,False,True,True
1257,6166,True,True,True,True
1258,6167,True,True,True,True
1259,6169,True,True,True,True
1260,6170,False,False,False,False
1261,6171,True,True,True,True
1262,6172,True,False,True,True
1263,6173,True,False,True,True
1264,6174,True,True,True,True
1265,6175,True,False,True,True
1266,6176,True,False,True,True
1267,6177,True,True,True,True
1268,6178,True,True,True,True
1269,6179,True,True,True,True
1270,6180,False,False,False,False
1271,6181,False,False,False,False
1272,6186,True,False,True,True
1273,6189,True,False,True,True
1274,6191,True,True,True,True
1275,6195,False,False,False,False
1276,6201,True,True,True,True
1277,6202,True,True,True,True
1278,6203,True,True,True,True
1279,6204,True,True,True,True
1280,6207,True,True,True,True
1281,6209,False,False,False,False
1282,6210,True,True,True,True
1283,6212,True,False,True,True
1284,6213,True,False,True,True
1285,6215,True,True,True,True
1286,6218,True,True,True,True
1287,6219,True,False,True,True
1288,6222,True,True,True,True
1289,6229,True,False,True,True
1290,6235,True,True,True,True
1291,6242,True,True,True,True
1292,6243,False,False,False,False
1293,6247,True,False,True,True
1294,6252,False,False,False,False
1295,6253,True,True,True,True
1296,6254,True,False,True,True
1297,6255,True,False,True,True
1298,6256,True,False,True,True
1299,6257,True,True,True,True
1300,6259,True,True,True,True
1301,6271,True,False,True,True
1302,6288,True,True,True,True
1303,6291,True,False,True,True
1304,6292,True,False,True,True
1305,6293,True,False,True,True
1306,6294,True,True,True,True
1307,6297,True,True,True,True
1308,6300,True,False,True,True
1309,6311,False,False,False,False
1310,6315,True,False,True,True
1311,6316,True,False,True,True
1312,6323,False,False,False,False
1313,6324,True,True,True,True
1314,6326,True,False,True,True
1315,6328,True,False,True,True
1316,6333,False,False,False,False
1317,6337,True,False,True,True
1318,6340,True,False,True,True
1319,6342,True,False,True,True
1320,6344,True,False,True,True
1321,6352,True,True,True,True
1322,6353,True,True,True,True
1323,6363,True,True,True,True
1324,6366,True,True,True,True
1325,6369,True,True,True,True
1326,6370,True,True,True,True
1327,6371,True,True,True,True
1328,6373,False,False,False,False
1329,6375,True,True,True,True
1330,6376,True,True,True,True
1331,6377,True,True,True,True
1332,6391,True,True,True,True
1333,6405,True,False,True,True
1334,6408,True,False,True,True
1335,6414,False,False,False,False
1336,6426,True,False,True,True
1337,6436,True,False,True,True
1338,6437,True,False,True,True
1339,6442,False,False,False,False
1340,6444,True,False,True,True
1341,6445,False,False,False,False
1342,6447,True,True,True,True
1343,6453,True,True,True,True
1344,6462,True,False,True,True
1345,6470,True,True,True,True
1346,6475,False,False,False,False
1347,6477,True,True,True,True
1348,6486,True,True,True,True
1349,6487,True,False,True,True
1350,6490,False,False,False,False
1351,6494,True,True,True,True
1352,6502,True,True,True,True
1353,6503,True,True,True,True
1354,6504,True,False,True,True
1355,6506,False,False,False,False
1356,6512,True,True,True,True
1357,6514,True,False,True,True
1358,6515,True,False,True,True
1359,6516,True,False,True,True
1360,6517,True,False,True,True
1361,6521,True,True,True,True
1362,6522,True,True,True,True
1363,6523,True,False,True,True
1364,6524,True,False,True,True
1365,6526,True,False,True,True
1366,6528,False,False,False,False
1367,6529,True,True,True,True
1368,6530,True,False,True,True
1369,6533,False,False,False,False
1370,6534,False,False,False,False
1371,6536,True,True,True,True
1372,6537,True,True,True,True
1373,6538,True,False,True,True
1374,6539,True,False,True,True
1375,6540,True,True,True,True
1376,6541,True,False,True,True
1377,6542,True,False,True,True
1378,6543,True,False,True,True
1379,6546,False,False,False,False
1380,6551,True,True,True,True
1381,6557,False,False,False,False
1382,6564,False,False,False,False
1383,6565,True,False,True,True
1384,6568,True,False,True,True
1385,6571,True,False,True,True
1386,6572,True,False,True,True
1387,6573,True,True,True,True
1388,6577,True,True,True,True
1389,6580,True,True,True,True
1390,6583,True,True,True,True
1391,6597,False,False,False,False
1392,6598,True,False,True,True
1393,6603,True,True,True,True
1394,6609,True,True,True,True
1395,6614,True,False,True,True
1396,6618,True,True,True,True
1397,6620,True,True,True,True
1398,6623,True,True,True,True
1399,6624,True,True,True,True
1400,6625,True,True,True,True
1401,6631,False,False,False,False
1402,6632,True,False,True,True
1403,6633,True,False,True,True
1404,6634,True,False,True,True
1405,6635,False,False,False,False
1406,6637,True,True,True,True
1407,6641,True,True,True,True
1408,6660,True,False,True,True
1409,6662,False,False,False,False
1410,6665,True,False,True,True
1411,6673,True,True,True,True
1412,6674,True,False,True,True
1413,6680,True,False,True,True
1414,6681,True,False,True,True
1415,6682,True,False,True,True
1416,6683,True,False,True,True
1417,6684,False,False,False,False
1418,6687,True,True,True,True
1419,6688,True,True,True,True
1420,6689,False,False,False,False
1421,6690,True,True,True,True
1422,6691,True,True,True,True
1423,6692,True,True,True,True
1424,6693,True,True,True,True
1425,6694,True,True,True,True
1426,6695,True,True,True,True
1427,6696,False,False,False,False
1428,6698,True,True,True,True
1429,6699,True,True,True,True
1430,6700,True,True,True,True
1431,6701,False,False,False,False
1432,6702,True,True,True,True
1433,6704,True,True,True,True
1434,6706,False,False,False,False
1435,6709,False,False,False,False
1436,6711,False,False,False,False
1437,6712,True,True,True,True
1438,6713,True,False,True,True
1439,6714,True,True,True,True
1440,6715,True,False,True,True
1441,6716,True,True,True,True
1442,6717,True,True,True,True
1443,6721,True,True,True,True
1444,6722,True,True,True,True
1445,6723,False,False,False,False
1446,6724,True,False,True,True
1447,6725,True,False,True,True
1448,6726,True,False,True,True
1449,6727,True,False,True,True
1450,6730,True,False,True,True
1451,6731,False,False,False,False
1452,6733,True,True,True,True
1453,6737,True,False,True,True
1454,6744,True,False,True,True
1455,6754,True,False,True,True
1456,6763,True,True,True,True
1457,6770,True,False,True,True
1458,6775,True,True,True,True
1459,6776,True,False,True,True
1460,6785,True,True,True,True
1461,6787,True,False,True,True
1462,6789,True,False,True,True
1463,6792,True,True,True,True
1464,6793,False,False,False,False
1465,6794,True,True,True,True
1466,6801,True,False,True,True
1467,6802,True,False,True,True
1468,6805,True,True,True,True
1469,6806,True,True,True,True
1470,6807,True,True,True,True
1471,6808,True,True,True,True
1472,6809,False,False,False,False
1473,6815,True,False,True,True
1474,6816,True,False,True,True
1475,6817,True,False,True,True
1476,6818,True,False,True,True
1477,6820,True,True,True,True
1478,6828,False,False,False,False
1479,6831,True,False,True,True
1480,6833,True,False,True,True
1481,6834,True,True,True,True
1482,6835,True,True,True,True
1483,6837,True,False,True,True
1484,6838,True,True,True,True
1485,6839,True,True,True,True
1486,6840,True,True,True,True
1487,6843,True,False,True,True
1488,6844,True,False,True,True
1489,6845,True,False,True,True
1490,6846,True,False,True,True
1491,6848,True,True,True,True
1492,6850,True,False,True,True
1493,6854,True,False,True,True
1494,6855,True,True,True,True
1495,6856,True,True,True,True
1496,6857,True,True,True,True
1497,6864,True,True,True,True
1498,6865,True,False,True,True
1499,6866,True,False,True,True
1500,6867,True,True,True,True
1501,6868,True,True,True,True
1502,6870,False,False,False,False
1503,6872,True,False,True,True
1504,6873,True,True,True,True
1505,6875,True,True,True,True
1506,6876,True,True,True,True
1507,6877,True,True,True,True
1508,6878,True,True,True,True
1509,6879,True,True,True,True
1510,6880,True,True,True,True
1511,6881,True,True,True,True
1512,6882,True,True,True,True
1513,6883,True,True,True,True
1514,6884,True,True,True,True
1515,6885,True,True,True,True
1516,6886,True,True,True,True
1517,6887,True,True,True,True
1518,6888,True,True,True,True
1519,6889,True,True,True,True
1520,6890,True,True,True,True
1521,6892,True,True,True,True
1522,6894,True,False,True,True
1523,6897,True,True,True,True
1524,6899,True,True,True,True
1525,6907,True,False,True,True
1526,6911,True,True,True,True
1527,6917,True,True,True,True
1528,6918,True,True,True,True
1529,6919,True,True,True,True
1530,6920,True,True,True,True
1531,6921,True,True,True,True
1532,6922,True,True,True,True
1533,6923,True,True,True,True
1534,6924,True,True,True,True
1535,6925,True,True,True,True
1536,6926,True,True,True,True
1537,6927,True,True,True,True
1538,6928,True,True,True,True
1539,6929,True,True,True,True
1540,6930,True,True,True,True
1541,6931,True,True,True,True
1542,6932,True,True,True,True
1543,6933,True,True,True,True
1544,6937,True,False,True,True
1545,6938,True,False,True,True
1546,6939,True,False,True,True
1547,6941,True,True,True,True
1548,6942,True,True,True,True
1549,6943,True,True,True,True
1550,6944,True,True,True,True
1551,6945,True,True,True,True
1552,6946,True,True,True,True
1553,6947,True,True,True,True
1554,6951,True,True,True,True
1555,6954,True,True,True,True
1556,6956,True,True,True,True
1557,6957,True,True,True,True
1558,6959,True,False,True,True
1559,6960,True,False,True,True
1560,6961,True,False,True,True
1561,6962,True,False,True,True
1562,6965,True,True,True,True
1563,6968,True,True,True,True
1564,6983,True,True,True,True
1565,6986,True,True,True,True
1566,6987,True,False,True,True
1567,6989,True,False,True,True
1568,6990,True,False,True,True
1569,6991,False,False,False,False
1570,6993,True,False,True,True
1571,6994,True,False,True,True
1572,6995,True,False,True,True
1573,6997,True,True,True,True
1574,6999,True,False,True,True
1575,7001,False,False,False,False
1576,7005,True,False,True,True
1577,7016,False,False,False,False
1578,7019,True,True,True,True
1579,7020,True,True,True,True
1580,7021,True,True,True,True
1581,7024,True,True,True,True
1582,7025,True,True,True,True
1583,7027,True,True,True,True
1584,7031,True,True,True,True
1585,7033,True,False,True,True
1586,7034,True,False,True,True
1587,7036,True,True,True,True
1588,7037,True,True,True,True
1589,7038,True,False,True,True
1590,7040,True,True,True,True
1591,7049,True,True,True,True
1592,7050,True,False,True,True
1593,7054,True,True,True,True
1594,7058,True,False,True,True
1595,7063,True,True,True,True
1596,7067,True,False,True,True
1597,7068,True,True,True,True
1598,7069,True,True,True,True
1599,7071,True,True,True,True
1600,7072,True,True,True,True
1601,7073,True,True,True,True
1602,7074,True,True,True,True
1603,7075,True,True,True,True
1604,7076,True,False,True,True
1605,7077,True,True,True,True
1606,7078,True,True,True,True
1607,7079,True,True,True,True
1608,7080,True,True,True,True
1609,7081,True,True,True,True
1610,7082,True,True,True,True
1611,7083,True,True,True,True
1612,7084,True,True,True,True
1613,7085,True,True,True,True
1614,7086,True,True,True,True
1615,7087,True,True,True,True
1616,7088,True,True,True,True
1617,7099,True,True,True,True
1618,7104,True,True,True,True
1619,7110,False,False,False,False
1620,7114,True,True,True,True
1621,7116,True,True,True,True
1622,7118,True,False,True,True
1623,7121,True,False,True,True
1624,7126,True,False,True,True
1625,7130,True,False,True,True
1626,7132,True,True,True,True
1627,7149,False,False,False,False
1628,7155,False,False,False,False
1629,7160,False,False,False,False
1630,7163,True,True,True,True
1631,7164,True,True,True,True
1632,7166,True,True,True,True
1633,7172,True,False,True,True
1634,7176,True,True,True,True
1635,7179,True,False,True,True
1636,7185,False,False,False,False
1637,7190,True,True,True,True
1638,7191,True,True,True,True
1639,7192,False,False,False,False
1640,7205,True,True,True,True
1641,7209,True,True,True,True
1642,7211,True,True,True,True
1643,7212,True,True,True,True
1644,7214,False,False,False,False
1645,7218,True,True,True,True
1646,7221,True,True,True,True
1647,7238,True,False,True,True
1648,7242,False,False,False,False
1649,7243,False,False,False,False
1650,7252,True,False,True,True
1651,7254,True,False,True,True
1652,7259,True,True,True,True
1653,7274,True,False,True,True
1654,7277,True,False,True,True
1655,7309,True,True,True,True
1656,7313,True,False,True,True
1657,7317,True,False,True,True
1658,7321,True,True,True,True
1659,7323,True,False,True,True
1660,7333,True,False,True,True
1661,7338,False,False,False,False
1662,7342,True,False,True,True
1663,7352,True,True,True,True
1664,7354,True,False,True,True
1665,7358,True,True,True,True
1666,7383,False,False,False,False
1667,7391,True,True,True,True
1668,7399,False,False,False,False
1669,7408,True,False,True,True
1670,7410,True,True,True,True
1671,7413,True,True,True,True
1672,7416,True,False,True,True
1673,7417,True,True,True,True
1674,7418,True,True,True,True
1675,7419,True,True,True,True
1676,7420,True,False,True,True
1677,7428,True,False,True,True
1678,7430,True,False,True,True
1679,7435,True,True,True,True
1680,7436,True,True,True,True
1681,7437,True,True,True,True
1682,7438,False,False,False,False
1683,7439,True,False,True,True
1684,7447,True,False,True,True
1685,7448,True,False,True,True
1686,7449,True,False,True,True
1687,7460,True,False,True,True
1688,7461,True,False,True,True
1689,7462,True,False,True,True
1690,7482,True,False,True,True
1691,7483,True,False,True,True
1692,7486,True,False,True,True
1693,7491,False,False,False,False
1694,7494,True,False,True,True
1695,7513,True,True,True,True
1696,7514,False,False,False,False
1697,7519,True,True,True,True
1698,7525,True,False,True,True
1699,7526,False,False,False,False
1700,7529,False,False,False,False
1701,7530,False,False,False,False
1702,7533,False,False,False,False
1703,7538,False,True,False,False
1704,7539,False,True,False,False
1705,7540,False,True,False,False
1706,7541,False,True,False,False
1707,7543,False,True,False,False
1708,7544,False,True,False,False
1709,7545,False,True,False,False
1710,7546,False,True,False,False
1711,7547,False,True,False,False
1712,7548,False,True,False,False
1713,7549,False,True,False,False
1714,7550,False,True,False,False
1715,7551,False,True,False,False
1716,7552,False,True,False,False
1717,7553,False,True,False,False
1718,7554,False,True,False,False
1719,7555,False,True,False,False
1720,7556,False,True,False,False
1721,7559,False,True,False,False
1722,7560,False,True,False,False
1723,7561,False,True,False,False
1724,7562,False,True,False,False
1725,7563,False,True,False,False
1726,7564,False,True,False,False
1727,7565,False,False,False,False
1728,7566,False,True,False,False
1729,7567,False,True,False,False
1730,7568,False,True,False,False
1731,7569,False,True,False,False
1732,7570,False,True,False,False
1733,7571,False,True,False,False
1734,7572,False,True,False,False
1735,7573,False,True,False,False
1736,7575,False,False,False,False
1737,7580,False,True,False,False
1738,7582,False,False,False,False
1739,7584,False,True,False,False
1740,7585,False,False,False,False
1741,7589,False,False,False,False
1742,7590,False,False,False,False
1743,7594,False,True,False,False
1744,7598,False,False,False,False
1745,7603,False,False,False,False
1746,7605,False,False,False,False
1747,7607,False,False,False,False
1748,7608,False,False,False,False
1749,7613,False,True,False,False
1750,7614,False,True,False,False
1751,7617,False,False,False,False
1752,7618,False,False,False,False
1753,7620,False,False,False,False
1754,7627,False,False,False,False
1755,7629,False,True,False,False
1756,7635,False,False,False,False
1757,7636,False,False,False,False
1758,7637,False,False,False,False
1759,7638,False,True,False,False
1760,7640,False,False,False,False
1761,7641,False,False,False,False
1762,7646,False,False,False,False
1763,7647,False,False,False,False
1764,7648,False,False,False,False
1765,7650,False,False,False,False
1766,7653,False,True,False,False
1767,7656,False,False,False,False
1768,7660,False,False,False,False
1769,7663,False,True,False,False
1770,7680,False,False,False,False
1771,7688,False,False,False,False
1772,7707,False,False,False,False
1773,7715,False,False,False,False
1774,7725,False,False,False,False
1775,7727,False,False,False,False
1776,7729,False,False,False,False
1777,7730,False,False,False,False
1778,7735,False,False,False,False
1779,7742,False,False,False,False
1780,7745,False,False,False,False
1781,7746,False,False,False,False
1782,7747,False,False,False,False
1783,7748,False,False,False,False
1784,7750,False,False,False,False
1785,7752,False,False,False,False
1786,7756,False,False,False,False
1787,7758,False,False,False,False
1788,7759,False,False,False,False
1789,7760,False,False,False,False
1790,7761,False,False,False,False
1791,7762,False,False,False,False
1792,7763,False,False,False,False
1793,7766,False,False,False,False
1794,7767,False,False,False,False
1795,7769,False,False,False,False
1796,7770,False,False,False,False
1797,7775,False,False,False,False
1798,7776,False,False,False,False
1799,7784,False,False,False,False
1800,7785,False,False,False,False
1801,7786,False,False,False,False
1802,7787,False,False,False,False
1803,7789,False,False,False,False
1804,7790,False,False,False,False
1805,7791,False,False,False,False
1806,7792,False,False,False,False
1807,7793,False,False,False,False
1808,7794,False,False,False,False
1809,7795,False,False,False,False
1810,7796,False,False,False,False
1811,7797,False,False,False,False
1812,7798,False,False,False,False
1813,7799,False,False,False,False
1814,7800,False,False,False,False
1815,7801,False,False,False,False
1816,7802,False,False,False,False
1817,7803,False,False,False,False
1818,7804,False,False,False,False
1819,7805,False,False,False,False
1820,7806,False,False,False,False
1821,7807,False,False,False,False
1822,7809,False,False,False,False
1823,7810,False,False,False,False
1824,7811,False,False,False,False
1825,7812,False,False,False,False
1826,7813,False,False,False,False
1827,7822,False,False,False,False
1828,7823,False,False,False,False
1829,7828,False,False,False,False
1830,7834,False,False,False,False
1831,7847,False,False,False,False
1832,7848,False,False,False,False
1833,7860,False,False,False,False
1834,7864,False,False,False,False
1835,7867,False,False,False,False
1836,7877,False,False,False,False
1837,7891,False,False,False,False
1838,7897,False,False,False,False
1839,7898,False,False,False,False
1840,7906,False,False,False,False
1841,7910,False,False,False,False
1842,7923,False,False,False,False
1843,7929,False,False,False,False
1844,7931,False,False,False,False
1845,7933,False,False,False,False
1846,7934,False,False,False,False
1847,7946,False,False,False,False
1848,7947,False,False,False,False
1849,7954,False,False,False,False
1850,7955,False,False,False,False
1851,7963,False,False,False,False
1852,7966,False,False,False,False
1853,7970,False,False,False,False
1854,7974,False,False,False,False
1855,8012,False,False,False,False
1856,8021,False,False,False,False
1857,8022,False,False,False,False
1858,8025,False,False,False,False
1859,8032,False,False,False,False
1860,8033,False,False,False,False
1861,8040,False,False,False,False
1862,8043,False,False,False,False
1863,8044,False,False,False,False
1864,8059,False,False,False,False
1865,8061,False,False,False,False
1866,8066,False,False,False,False
1867,8070,False,False,False,False
1868,8073,False,False,False,False
1869,8074,False,False,False,False
1870,8083,False,False,False,False
1871,8094,False,False,False,False
1872,8096,False,False,False,False
1873,8102,False,False,False,False
1874,8103,False,False,False,False
1875,8106,False,False,False,False
1876,8107,False,False,False,False
1877,8108,False,False,False,False
1878,8111,False,False,False,False
1879,8113,False,False,False,False
1880,8116,False,False,False,False
1881,8119,False,False,False,False
1882,8121,False,False,False,False
1883,8124,False,False,False,False
1884,8126,False,False,False,False
1885,8132,False,False,False,False
1886,8142,False,False,False,False
1887,8143,False,False,False,False
1888,8147,False,False,False,False
1889,8155,False,False,False,False
1890,8156,False,False,False,False
1891,8157,False,False,False,False
1892,8158,False,False,False,False
1893,8162,False,False,False,False
1894,8163,False,False,False,False
1895,8164,False,False,False,False
1896,8165,False,False,False,False
1897,8166,False,False,False,False
1898,8167,False,False,False,False
1899,8168,False,False,False,False
1900,8169,False,False,False,False
1901,8170,False,False,False,False
1902,8172,False,False,False,False
1903,8175,False,False,False,False
1904,8176,False,False,False,False
1905,8177,False,False,False,False
1906,8178,False,False,False,False
1907,8186,False,False,False,False
1908,8194,False,False,False,False
1909,8195,False,False,False,False
1910,8196,False,False,False,False
1911,8198,False,False,False,False
1912,8206,False,False,False,False
1913,8208,False,False,False,False
1914,8209,False,False,False,False
1915,8210,False,False,False,False
1916,8211,False,False,False,False
1917,8212,False,False,False,False
1918,8213,False,False,False,False
1919,8214,False,False,False,False
1920,8215,False,False,False,False
1921,8216,False,False,False,False
1922,8220,False,False,False,False
1923,8230,False,False,False,False
1924,8234,False,False,False,False
1925,8238,False,False,False,False
1926,8239,False,False,False,False
1927,8242,False,False,False,False
1928,8243,False,False,False,False
1929,8244,False,False,False,False
1930,8245,False,False,False,False
1931,8246,False,False,False,False
1932,8247,False,False,False,False
1933,8248,False,False,False,False
1934,8250,False,False,False,False
1935,8251,False,False,False,False
1936,8254,False,False,False,False
1937,8255,False,False,False,False
1938,8256,False,False,False,False
1939,8257,False,False,False,False
1940,8258,False,False,False,False
1941,8259,False,False,False,False
1942,8260,False,False,False,False
1943,8261,False,False,False,False
1944,8263,False,False,False,False
1945,8265,False,False,False,False
1946,8266,False,False,False,False
1947,8267,False,False,False,False
1948,8268,False,False,False,False
1949,8269,False,False,False,False
1950,8270,False,False,False,False
1951,8271,False,False,False,False
1952,8272,False,False,False,False
1953,8273,False,False,False,False
1954,8274,False,False,False,False
1955,8275,False,False,False,False
1956,8277,False,False,False,False
1957,8278,False,False,False,False
1958,8284,False,False,False,False
1959,8288,False,False,False,False
1960,8297,False,False,False,False
